-- AUTO-GENERATED by _input/extract.mjs — do not edit by hand.
-- Seed: properties, disciplines, comments (verbatim iBuild text).
-- Idempotent: deterministic ids + ON CONFLICT DO NOTHING.
begin;

insert into properties (id, portfolio, address, permit_number, permit_type, cycle, workflow_started, status_note) values ('9edb4b8a-60b0-5294-9e24-22092ae845cb', 'portland_saxum', '156 NE 77 St', 'BD25-029908-001', 'main', 1, '2026-02-02', 'No resubmittal yet') on conflict (id) do nothing;
insert into disciplines (id, property_id, code, name, reviewer_name, city_status, total_comments, open_comments, info_comments) values ('2357ba37-1a2e-5972-86b7-b158cd126c25', '9edb4b8a-60b0-5294-9e24-22092ae845cb', 'B', 'Building', 'Carmen Sueiro', 'CORRECTIONS', 18, 18, 0) on conflict (property_id, code) do nothing;
insert into comments (id, discipline_id, ref_number, text, city_status) values ('5ab5e03b-ef5d-5196-b6a9-0d85777ce893', '2357ba37-1a2e-5972-86b7-b158cd126c25', 15, 'GENERAL INSTRUCTIONS: Respond each comment with sheet number and exact location. Cloud all changes. Corrections on one page apply throughout the full set.', 'UNRESOLVED') on conflict (discipline_id, ref_number) do nothing;
insert into comments (id, discipline_id, ref_number, text, city_status) values ('4f285d7f-2552-537b-a3bc-0870cedf10c5', '2357ba37-1a2e-5972-86b7-b158cd126c25', 16, 'RESUBMITTAL INSTRUCTIONS: Replace existing plans with same original .pdf file names. All pages must be rescanned.', 'UNRESOLVED') on conflict (discipline_id, ref_number) do nothing;
insert into comments (id, discipline_id, ref_number, text, city_status) values ('3991f806-3d3b-5830-81ed-089695657f6c', '2357ba37-1a2e-5972-86b7-b158cd126c25', 17, 'All Work Items must be included at building permit application. Contact AOsorio@miamigov.com or MHatten@miamigov.com. Questions: csueiro@miamigov.com.', 'UNRESOLVED') on conflict (discipline_id, ref_number) do nothing;
insert into comments (id, discipline_id, ref_number, text, city_status) values ('a8c8f47c-1836-5835-b536-3887191ebe9f', '2357ba37-1a2e-5972-86b7-b158cd126c25', 18, 'Provide Site Plan showing to scale new construction, distances from lot lines, crown of road elevation, finished grade, flood hazard areas (FBC B 107.2.6).', 'UNRESOLVED') on conflict (discipline_id, ref_number) do nothing;
insert into comments (id, discipline_id, ref_number, text, city_status) values ('d84bc12d-ec1d-52a6-9fea-3fb723e5f0b0', '2357ba37-1a2e-5972-86b7-b158cd126c25', 19, 'Total Cost must be verified. Provide estimate or construction contract with Value of Work (FBC B 109.3). Upload to ProjectDox; email csueiro@miamigov.com.', 'UNRESOLVED') on conflict (discipline_id, ref_number) do nothing;
insert into comments (id, discipline_id, ref_number, text, city_status) values ('879798f8-2b32-5e8e-a2a4-90ecd147f72c', '2357ba37-1a2e-5972-86b7-b158cd126c25', 20, 'Provide NOA for waterproofing material at proposed balconies (FBC Section 1516 & 110.3.6).', 'UNRESOLVED') on conflict (discipline_id, ref_number) do nothing;
insert into comments (id, discipline_id, ref_number, text, city_status) values ('cc3bad29-efa1-565b-841d-b2c4b0d1d32d', '2357ba37-1a2e-5972-86b7-b158cd126c25', 21, 'Provide Occupancy and Use of proposed building (FBC Building Section 302).', 'UNRESOLVED') on conflict (discipline_id, ref_number) do nothing;
insert into comments (id, discipline_id, ref_number, text, city_status) values ('5ab93a78-0072-5d46-87f1-d926bb0b09ad', '2357ba37-1a2e-5972-86b7-b158cd126c25', 22, 'Indicate fire rating of proposed demising walls, specifying use and occupancy classification of adjacent spaces (FBC 2023 Table 508.4).', 'UNRESOLVED') on conflict (discipline_id, ref_number) do nothing;
insert into comments (id, discipline_id, ref_number, text, city_status) values ('6b551c86-7436-562c-a7d6-2a900eb34aea', '2357ba37-1a2e-5972-86b7-b158cd126c25', 23, 'Note: roof top equipment must be 10''-0" from edge or protected by 42" minimum guardrails (FBC B Sections 1009.16.2 and 1013.3).', 'UNRESOLVED') on conflict (discipline_id, ref_number) do nothing;
insert into comments (id, discipline_id, ref_number, text, city_status) values ('e5dbf900-4cdd-52ad-80ea-db9752b74832', '2357ba37-1a2e-5972-86b7-b158cd126c25', 24, 'Note: specify location of readily visible exit signs indicating direction of egress travel (FBC 2023 B Section 1013).', 'UNRESOLVED') on conflict (discipline_id, ref_number) do nothing;
insert into comments (id, discipline_id, ref_number, text, city_status) values ('babfefe3-f058-508c-8c26-8ce99aca86d5', '2357ba37-1a2e-5972-86b7-b158cd126c25', 25, 'Provide Laboratory Impact Sound Transmission Test Report for floor/ceiling assemblies — STC not less than 50, or 45 if field tested (FBC B Section 1207.2).', 'UNRESOLVED') on conflict (discipline_id, ref_number) do nothing;
insert into comments (id, discipline_id, ref_number, text, city_status) values ('cc9cca90-8fdd-5b2d-8759-6ffcadf45c55', '2357ba37-1a2e-5972-86b7-b158cd126c25', 26, 'Note: smooth, hard, nonabsorbent material at toilet/bathroom floors extending 4 inches onto walls (FBC B 1210.2.1).', 'UNRESOLVED') on conflict (discipline_id, ref_number) do nothing;
insert into comments (id, discipline_id, ref_number, text, city_status) values ('ccf5e0e6-8d73-58a5-a980-d729ec9ae161', '2357ba37-1a2e-5972-86b7-b158cd126c25', 27, 'Note: prior to footing installation, provide statement of allowable bearing capacity from PE (FBC B 1818.2).', 'UNRESOLVED') on conflict (discipline_id, ref_number) do nothing;
insert into comments (id, discipline_id, ref_number, text, city_status) values ('849f8388-59f3-57d3-b53d-d0b8ce158eae', '2357ba37-1a2e-5972-86b7-b158cd126c25', 28, 'Provide termite protection note per Florida Dept. of Agriculture (FBC B Section 1816.1).', 'UNRESOLVED') on conflict (discipline_id, ref_number) do nothing;
insert into comments (id, discipline_id, ref_number, text, city_status) values ('399042bf-9429-5a4d-a95a-f2ea91a4b80a', '2357ba37-1a2e-5972-86b7-b158cd126c25', 29, 'Note: glazing larger than 9 sq. ft. must be Category II Safety Glass (FBC 2406.2).', 'UNRESOLVED') on conflict (discipline_id, ref_number) do nothing;
insert into comments (id, discipline_id, ref_number, text, city_status) values ('3b4328cc-82c4-532c-99a2-2d369096cae7', '2357ba37-1a2e-5972-86b7-b158cd126c25', 30, 'Note: Ground Floor dwelling units shall comply with Fair Housing Act / Section 504 accessibility regulations.', 'UNRESOLVED') on conflict (discipline_id, ref_number) do nothing;
insert into comments (id, discipline_id, ref_number, text, city_status) values ('2959abc9-520f-58ac-ae08-a08001fa8857', '2357ba37-1a2e-5972-86b7-b158cd126c25', 31, 'Provide NOAs for proposed windows and doors.', 'UNRESOLVED') on conflict (discipline_id, ref_number) do nothing;
insert into comments (id, discipline_id, ref_number, text, city_status) values ('2b9c938c-9658-54bf-b694-09f3b4c59e28', '2357ba37-1a2e-5972-86b7-b158cd126c25', 32, 'Provide NOA for proposed roofing material.', 'UNRESOLVED') on conflict (discipline_id, ref_number) do nothing;
insert into disciplines (id, property_id, code, name, reviewer_name, city_status, total_comments, open_comments, info_comments) values ('03e4887d-549f-54d5-a7c4-37fc99ba505e', '9edb4b8a-60b0-5294-9e24-22092ae845cb', 'Z', 'Zoning', 'Jonathan Thole', 'CORRECTIONS', 20, 18, 2) on conflict (property_id, code) do nothing;
insert into comments (id, discipline_id, ref_number, text, city_status) values ('1ed267a8-cc15-5158-8b7b-e85d1b5f7b40', '03e4887d-549f-54d5-a7c4-37fc99ba505e', 42, 'See checklist items. Contact jthole@miamigov.com. Provide Written Narrative with sheet numbers. Additional comments may follow on resubmittal.', 'INFO_ONLY') on conflict (discipline_id, ref_number) do nothing;
insert into comments (id, discipline_id, ref_number, text, city_status) values ('caa01862-307a-5061-9ac3-087e6fe6e37b', '03e4887d-549f-54d5-a7c4-37fc99ba505e', 43, 'Survey must have BBL marked by Public Works. Provide Average Crown of Road (7.75''). Provide Lot area — Gross vs Net. Setbacks pending BBL location.', 'UNRESOLVED') on conflict (discipline_id, ref_number) do nothing;
insert into comments (id, discipline_id, ref_number, text, city_status) values ('12ffc8cf-e13a-57b5-b6d5-20d7460c6fd3', '03e4887d-549f-54d5-a7c4-37fc99ba505e', 44, 'PREAPP-25-0123: 156 NE 77 St.', 'INFO_ONLY') on conflict (discipline_id, ref_number) do nothing;
insert into comments (id, discipline_id, ref_number, text, city_status) values ('55d79fe6-db3f-53f5-9f7a-fee064062e77', '03e4887d-549f-54d5-a7c4-37fc99ba505e', 45, 'Layers shown incorrectly. 1st layer = first 10'' from BBL. 2nd layer = following 15'' (25'' from BBL). 3rd = everything beyond. Pending BBL review.', 'UNRESOLVED') on conflict (discipline_id, ref_number) do nothing;
insert into comments (id, discipline_id, ref_number, text, city_status) values ('bfa5bf7c-3ac4-5886-9465-a254a2414506', '03e4887d-549f-54d5-a7c4-37fc99ba505e', 46, 'Indicate gross and net lot area in zoning data table. Gross for density/FLR; net for all other calculations.', 'UNRESOLVED') on conflict (discipline_id, ref_number) do nothing;
insert into comments (id, discipline_id, ref_number, text, city_status) values ('e14f4c64-4777-535b-9600-d5b94b1f7229', '03e4887d-549f-54d5-a7c4-37fc99ba505e', 47, 'Art. 3 Section 3.15.2: Provide Certification by Housing Dept. and recorded covenant running with the land.', 'UNRESOLVED') on conflict (discipline_id, ref_number) do nothing;
insert into comments (id, discipline_id, ref_number, text, city_status) values ('9227c4a9-8dd4-53b7-9f0f-db3fe4281dc3', '03e4887d-549f-54d5-a7c4-37fc99ba505e', 48, 'Identify on plans all requested Attainable Mixed-Income Housing Development incentives (density, parking, height, etc.).', 'UNRESOLVED') on conflict (discipline_id, ref_number) do nothing;
insert into comments (id, discipline_id, ref_number, text, city_status) values ('1d0c7853-dd1e-5c91-9600-b670ab69c9fb', '03e4887d-549f-54d5-a7c4-37fc99ba505e', 49, 'Label on plans "Opportunity Zone" for parking. Property in Opportunity Zone — no parking required for floor area ≤10,000 sq ft.', 'UNRESOLVED') on conflict (discipline_id, ref_number) do nothing;
insert into comments (id, discipline_id, ref_number, text, city_status) values ('e882f9f2-bebd-512f-a945-5e9896f7c01d', '03e4887d-549f-54d5-a7c4-37fc99ba505e', 50, 'Front façade requires additional architectural embellishment. Large blank walls not permitted — consider score lines, cornices, balconies, material variety.', 'UNRESOLVED') on conflict (discipline_id, ref_number) do nothing;
insert into comments (id, discipline_id, ref_number, text, city_status) values ('6879ea77-3b66-57dd-a926-0a0282e9651e', '03e4887d-549f-54d5-a7c4-37fc99ba505e', 51, 'At first Story, Façades along Frontage Line must have frequent doors and windows. Pedestrian Entrances at max 75 ft spacing. Completely enclose entry ways.', 'UNRESOLVED') on conflict (discipline_id, ref_number) do nothing;
insert into comments (id, discipline_id, ref_number, text, city_status) values ('871ba08d-b6b7-564a-b0ea-5a31836071ce', '03e4887d-549f-54d5-a7c4-37fc99ba505e', 52, 'Show all floor/roof plans with property lines and BBL. Dimension all setbacks, encroachments, and overhangs. Pending BBL review.', 'UNRESOLVED') on conflict (discipline_id, ref_number) do nothing;
insert into comments (id, discipline_id, ref_number, text, city_status) values ('6ef1c99a-fa45-5c06-9c69-7f8c60d21c18', '03e4887d-549f-54d5-a7c4-37fc99ba505e', 53, 'Outdoor storage, electrical, plumbing, mechanical equipment must be in Second or Third Layer, concealed from view. Show transformer pad locations.', 'UNRESOLVED') on conflict (discipline_id, ref_number) do nothing;
insert into comments (id, discipline_id, ref_number, text, city_status) values ('7da4ad74-2c44-5c2d-98da-1a33d2e3411e', '03e4887d-549f-54d5-a7c4-37fc99ba505e', 54, 'Provide heights and materials of all proposed and existing fences/walls. Fences must comply with layer requirements.', 'UNRESOLVED') on conflict (discipline_id, ref_number) do nothing;
insert into comments (id, discipline_id, ref_number, text, city_status) values ('518d0d6c-30e0-562f-8b8e-064721501dd7', '03e4887d-549f-54d5-a7c4-37fc99ba505e', 56, 'Zoning data table incomplete. Include all fields per Art. 5 Illustration 5.5. Provide all calculations in ft or sq ft. Pending BBL review.', 'UNRESOLVED') on conflict (discipline_id, ref_number) do nothing;
insert into comments (id, discipline_id, ref_number, text, city_status) values ('9190dcba-cbb2-50c4-948d-44107fc5b1c3', '03e4887d-549f-54d5-a7c4-37fc99ba505e', 57, 'Provide chart of multifamily unit types and sq footages (Micro 275 sf min, Efficiency 400 sf min, 1BR 550 sf min, 2BR 650 sf min).', 'UNRESOLVED') on conflict (discipline_id, ref_number) do nothing;
insert into comments (id, discipline_id, ref_number, text, city_status) values ('3af1ca49-b44f-5104-b5a1-64759a5342f0', '03e4887d-549f-54d5-a7c4-37fc99ba505e', 58, 'Open Space min 10% of Lot Area. Unpaved Green Space min 5%. Pending BBL review and lot area.', 'UNRESOLVED') on conflict (discipline_id, ref_number) do nothing;
insert into comments (id, discipline_id, ref_number, text, city_status) values ('facdbb1b-dfad-512e-8edd-60611b8c3257', '03e4887d-549f-54d5-a7c4-37fc99ba505e', 59, 'Landscape plan must be prepared by licensed landscape architect. Preliminary plans required. Pending BBL review.', 'UNRESOLVED') on conflict (discipline_id, ref_number) do nothing;
insert into comments (id, discipline_id, ref_number, text, city_status) values ('bb63e7e5-3905-58a7-aceb-aa62b3345485', '03e4887d-549f-54d5-a7c4-37fc99ba505e', 60, 'Provide required street trees at back of curb, max 30 ft spacing. Species from permitted list.', 'UNRESOLVED') on conflict (discipline_id, ref_number) do nothing;
insert into comments (id, discipline_id, ref_number, text, city_status) values ('15d33445-9b26-53a4-b380-45f5dfe4f7dd', '03e4887d-549f-54d5-a7c4-37fc99ba505e', 61, 'Provide landscape preparer''s certification form prior to CO issuance.', 'UNRESOLVED') on conflict (discipline_id, ref_number) do nothing;
insert into comments (id, discipline_id, ref_number, text, city_status) values ('fdd2bee8-e74d-5148-a2e0-2d89e2efa16f', '03e4887d-549f-54d5-a7c4-37fc99ba505e', 62, 'Provide Unit chart: unit type, bedrooms, sq footage, floor location. Must match Affordable Housing Certification.', 'UNRESOLVED') on conflict (discipline_id, ref_number) do nothing;
insert into disciplines (id, property_id, code, name, reviewer_name, city_status, total_comments, open_comments, info_comments) values ('fccc3506-9d25-59c7-9a51-cca3266453a4', '9edb4b8a-60b0-5294-9e24-22092ae845cb', 'F', 'Fire', 'Nadya Vazquez', 'CORRECTIONS', 11, 11, 0) on conflict (property_id, code) do nothing;
insert into comments (id, discipline_id, ref_number, text, city_status) values ('914217ef-8157-51fe-a10c-772b2dfdfb6f', 'fccc3506-9d25-59c7-9a51-cca3266453a4', 69, 'Hydrant flow test report required — dated no more than 12 months from submission. Contact Lt. Joselin Fernandez (jofernandez@miamigov.com).', 'UNRESOLVED') on conflict (discipline_id, ref_number) do nothing;
insert into comments (id, discipline_id, ref_number, text, city_status) values ('6636e1fb-29fd-5106-9501-ca3fd968a0e2', 'fccc3506-9d25-59c7-9a51-cca3266453a4', 70, 'Submit dedicated Fire Alarm drawings. Required per FL Building Code (8th ed.) Section 907.2.9.1(1) for Group R-2 occupancies 3+ stories.', 'UNRESOLVED') on conflict (discipline_id, ref_number) do nothing;
insert into comments (id, discipline_id, ref_number, text, city_status) values ('85643abb-c96f-5862-a97e-8d560afe701b', 'fccc3506-9d25-59c7-9a51-cca3266453a4', 71, 'Verify building height. Class III standpipe required where highest story floor >30 ft above lowest FD vehicle access (FBC 8th ed. 905.3.1).', 'UNRESOLVED') on conflict (discipline_id, ref_number) do nothing;
insert into comments (id, discipline_id, ref_number, text, city_status) values ('9bcbcffb-daec-5d5d-bb35-71b40ca1c948', 'fccc3506-9d25-59c7-9a51-cca3266453a4', 72, 'Comply with FFPC NFPA 101 30.2.2.3.5 — outside stairs complying with exception in 7.2.2.6.3.1(6) shall be permitted.', 'UNRESOLVED') on conflict (discipline_id, ref_number) do nothing;
insert into comments (id, discipline_id, ref_number, text, city_status) values ('93052bdd-6b82-5b31-8564-dbe3e98e5cf6', 'fccc3506-9d25-59c7-9a51-cca3266453a4', 73, 'FDC must be ≤100 ft from nearest fire hydrant (NFPA 14: 6.4.5.4). Show FDC locations and hydrant distances on Fire Protection Site Plan.', 'UNRESOLVED') on conflict (discipline_id, ref_number) do nothing;
insert into comments (id, discipline_id, ref_number, text, city_status) values ('68a9e1f3-2e86-58d4-89a6-1f7699b54f16', 'fccc3506-9d25-59c7-9a51-cca3266453a4', 74, 'Multi-story buildings must comply with MD-WASD hydrant spacing (max 300 ft). Provide hydrant locations on civil and fire protection drawings.', 'UNRESOLVED') on conflict (discipline_id, ref_number) do nothing;
insert into comments (id, discipline_id, ref_number, text, city_status) values ('8cd2e994-824b-577a-a48e-ac249986b3df', 'fccc3506-9d25-59c7-9a51-cca3266453a4', 75, 'Provide egress capacity calculations (FFPC 8th ed. NFPA 101 7.3.3).', 'UNRESOLVED') on conflict (discipline_id, ref_number) do nothing;
insert into comments (id, discipline_id, ref_number, text, city_status) values ('cd225024-79ac-568a-9b05-6d3cc38ea51b', 'fccc3506-9d25-59c7-9a51-cca3266453a4', 76, 'Building >3 stories or vertical distance >25 ft must have at least one passenger elevator accessible to FD (FBC 8th ed. 3002.4).', 'UNRESOLVED') on conflict (discipline_id, ref_number) do nothing;
insert into comments (id, discipline_id, ref_number, text, city_status) values ('0971a29e-ff65-56a4-b722-776735778100', 'fccc3506-9d25-59c7-9a51-cca3266453a4', 77, 'Provide corridor dimensions on LS drawing. Corridors >50 persons: min 44 in wide (NFPA 101 30.2.3.3).', 'UNRESOLVED') on conflict (discipline_id, ref_number) do nothing;
insert into comments (id, discipline_id, ref_number, text, city_status) values ('f86d3d57-9336-5947-a7d9-60c9a95bdb8e', 'fccc3506-9d25-59c7-9a51-cca3266453a4', 78, 'Smoke alarms per NFPA 101 30.3.4.5 in every sleeping area, outside sleeping areas, and on all levels.', 'UNRESOLVED') on conflict (discipline_id, ref_number) do nothing;
insert into comments (id, discipline_id, ref_number, text, city_status) values ('234ad149-e4c3-5324-985c-24f198282f32', 'fccc3506-9d25-59c7-9a51-cca3266453a4', 79, 'List NFPA 13, 2019 edition as applicable standard on Fire Protection drawings.', 'UNRESOLVED') on conflict (discipline_id, ref_number) do nothing;
insert into disciplines (id, property_id, code, name, reviewer_name, city_status, total_comments, open_comments, info_comments) values ('829154e8-9a44-58c0-82cb-ee2baf4cfb03', '9edb4b8a-60b0-5294-9e24-22092ae845cb', 'DRP', 'Public Works', 'Iris Valdes', 'CORRECTIONS', 9, 9, 0) on conflict (property_id, code) do nothing;
insert into comments (id, discipline_id, ref_number, text, city_status) values ('c57d51c9-567c-528a-9e1d-51f06b455546', '829154e8-9a44-58c0-82cb-ee2baf4cfb03', 80, 'Line and grade, pavement resurfacing subpermits required with Building application after permit is issued.', 'UNRESOLVED') on conflict (discipline_id, ref_number) do nothing;
insert into comments (id, discipline_id, ref_number, text, city_status) values ('69b302b2-cc0d-5aea-a21b-4d4838ae224c', '829154e8-9a44-58c0-82cb-ee2baf4cfb03', 81, 'ROW permit required through iPW (apps.miamigov.com/PublicWorks) to close sidewalk or work in ROW. Only City-registered GC can pull.', 'UNRESOLVED') on conflict (discipline_id, ref_number) do nothing;
insert into comments (id, discipline_id, ref_number, text, city_status) values ('5b603d52-3197-5f3a-9be9-dc5344799e15', '829154e8-9a44-58c0-82cb-ee2baf4cfb03', 82, 'BBL is 5 ft within property along NE 77 St. Dedicate for public ROW (City Code 54-58). Contact Sandra Saez — Ssaez@miamigov.com / 305-416-1262. Process: 14–16 weeks.', 'UNRESOLVED') on conflict (discipline_id, ref_number) do nothing;
insert into comments (id, discipline_id, ref_number, text, city_status) values ('497c8b26-df61-54f1-aae2-b929e2708c17', '829154e8-9a44-58c0-82cb-ee2baf4cfb03', 83, 'Street lighting required per Bulletin 36 (City Code 54-56). Photometric calculations signed/sealed by PE required. Min 0.6 fc at any point. Use brand AEL.', 'UNRESOLVED') on conflict (discipline_id, ref_number) do nothing;
insert into comments (id, discipline_id, ref_number, text, city_status) values ('27e12ad2-312d-5ed3-becc-7a615de9fe0a', '829154e8-9a44-58c0-82cb-ee2baf4cfb03', 86, 'Roadway cross section 50-F: 6.5'' sidewalk, 2'' curb/gutter, 6.5'' parking, 10'' travel lane to centerline. Reconstruct all ROW to centerline.', 'UNRESOLVED') on conflict (discipline_id, ref_number) do nothing;
insert into comments (id, discipline_id, ref_number, text, city_status) values ('ad6f11b4-f6b2-5752-b5e4-0a365ee59b48', '829154e8-9a44-58c0-82cb-ee2baf4cfb03', 88, 'ROW stormwater system required. Inlet per SD-05. USF 5129 frame. HDPE french drain (SD-09) 24 in, 50 ft min. Exfiltration trench per SD-10/SD-07.', 'UNRESOLVED') on conflict (discipline_id, ref_number) do nothing;
insert into comments (id, discipline_id, ref_number, text, city_status) values ('2cf1966a-d130-5002-84f7-2c397ea3884a', '829154e8-9a44-58c0-82cb-ee2baf4cfb03', 89, 'DERM approval required prior to final City of Miami PW approval for any ROW drainage improvements.', 'UNRESOLVED') on conflict (discipline_id, ref_number) do nothing;
insert into comments (id, discipline_id, ref_number, text, city_status) values ('1caab6da-eb25-5710-af6a-bf91bd09cd50', '829154e8-9a44-58c0-82cb-ee2baf4cfb03', 90, 'Percolation tests required for all new exfiltration trenches.', 'UNRESOLVED') on conflict (discipline_id, ref_number) do nothing;
insert into comments (id, discipline_id, ref_number, text, city_status) values ('86ce10ef-99a9-53dd-afa1-88072e4382d4', '829154e8-9a44-58c0-82cb-ee2baf4cfb03', 91, 'Other comments may apply.', 'UNRESOLVED') on conflict (discipline_id, ref_number) do nothing;
insert into disciplines (id, property_id, code, name, reviewer_name, city_status, total_comments, open_comments, info_comments) values ('8da8c6c9-aad1-500d-a594-7320e6304cb1', '9edb4b8a-60b0-5294-9e24-22092ae845cb', 'P', 'Plumbing', 'Cergio Moreno', 'CORRECTIONS', 9, 9, 0) on conflict (property_id, code) do nothing;
insert into comments (id, discipline_id, ref_number, text, city_status) values ('166ae9c4-be3b-5bdf-8101-685160d8d033', '8da8c6c9-aad1-500d-a594-7320e6304cb1', 3, 'Check all scupper sizes. Architectural roof plan shows 8" × 4" scupper sizes (P-5.pdf).', 'UNRESOLVED') on conflict (discipline_id, ref_number) do nothing;
insert into comments (id, discipline_id, ref_number, text, city_status) values ('7484e500-a238-5df9-ac3f-eb7e353a41c5', '8da8c6c9-aad1-500d-a594-7320e6304cb1', 4, 'Sheet C-1 shows 12" solid HDPE pipe — match size with civil drawings (P-1.pdf).', 'UNRESOLVED') on conflict (discipline_id, ref_number) do nothing;
insert into comments (id, discipline_id, ref_number, text, city_status) values ('3bba0b60-75ca-51fa-b863-3cc55ad7f24c', '8da8c6c9-aad1-500d-a594-7320e6304cb1', 5, '4" sanitary pipe at 1/8" slope has capacity for 180 DFU. Civil shows 6" pipe (min for 198 DFU) — reconcile (P-1.pdf).', 'UNRESOLVED') on conflict (discipline_id, ref_number) do nothing;
insert into comments (id, discipline_id, ref_number, text, city_status) values ('33f82804-22ab-52be-baf4-cc70d18baa11', '8da8c6c9-aad1-500d-a594-7320e6304cb1', 6, 'Provide correct storm drain sizes per civil drawings (P-2.pdf — note #01).', 'UNRESOLVED') on conflict (discipline_id, ref_number) do nothing;
insert into comments (id, discipline_id, ref_number, text, city_status) values ('70cd2986-fd9f-58e4-ac7f-d61cfce34b4d', '8da8c6c9-aad1-500d-a594-7320e6304cb1', 7, 'Provide correct storm drain sizes per civil drawings (P-2.pdf — note #02).', 'UNRESOLVED') on conflict (discipline_id, ref_number) do nothing;
insert into comments (id, discipline_id, ref_number, text, city_status) values ('3ecd2b45-9fd8-54fb-a559-712f6359ad21', '8da8c6c9-aad1-500d-a594-7320e6304cb1', 8, 'Provide full-open valves to all risers per FBC-Plumbing 606.1 (P-8.pdf).', 'UNRESOLVED') on conflict (discipline_id, ref_number) do nothing;
insert into comments (id, discipline_id, ref_number, text, city_status) values ('6a71822c-371b-58aa-92f3-0defad0f8443', '8da8c6c9-aad1-500d-a594-7320e6304cb1', 9, 'Provide piping routes and point of discharge on floor plan per FBC-P 504.6 (P-9.pdf).', 'UNRESOLVED') on conflict (discipline_id, ref_number) do nothing;
insert into comments (id, discipline_id, ref_number, text, city_status) values ('b05c54e2-0432-59b1-9a4b-cc02c34cbb35', '8da8c6c9-aad1-500d-a594-7320e6304cb1', 10, 'Provide on plans A/C condensation piping route and point of discharge per FBC-P [M] 314.2.1.', 'UNRESOLVED') on conflict (discipline_id, ref_number) do nothing;
insert into comments (id, discipline_id, ref_number, text, city_status) values ('1656d6dc-7a13-5105-afc9-3d759f85ae31', '8da8c6c9-aad1-500d-a594-7320e6304cb1', 11, 'Provide required isometric drawings for condensation risers, water heater pan and T&P relief [MDC Sec. 8-10(a)(ii)].', 'UNRESOLVED') on conflict (discipline_id, ref_number) do nothing;
insert into disciplines (id, property_id, code, name, reviewer_name, city_status, total_comments, open_comments, info_comments) values ('f80d5d81-97cd-5d6b-b495-a885973d663b', '9edb4b8a-60b0-5294-9e24-22092ae845cb', 'LI', 'Environmental', 'Augusto Carvajal', 'CORRECTIONS', 9, 4, 5) on conflict (property_id, code) do nothing;
insert into comments (id, discipline_id, ref_number, text, city_status) values ('06390357-d63a-5c22-be39-d2edbe69f4f9', 'f80d5d81-97cd-5d6b-b495-a885973d663b', 33, 'TREE PROTECTION: All reasonable steps to prevent tree destruction during construction. Protective barriers with 10'' radius required. (Info Only)', 'INFO_ONLY') on conflict (discipline_id, ref_number) do nothing;
insert into comments (id, discipline_id, ref_number, text, city_status) values ('91b8939a-9a7b-5bb2-befe-fd3e0cb9f440', 'f80d5d81-97cd-5d6b-b495-a885973d663b', 34, 'All tree activity subject to Intended Decision notice per Sec. 17-4(d). Comment changes from informational to unresolved until Intended Decision period ends. (Info Only)', 'INFO_ONLY') on conflict (discipline_id, ref_number) do nothing;
insert into comments (id, discipline_id, ref_number, text, city_status) values ('7de202e2-1a12-510a-9302-c496bbd16174', 'f80d5d81-97cd-5d6b-b495-a885973d663b', 35, 'Additional comments may apply after applicant provides requested information. (Info Only)', 'INFO_ONLY') on conflict (discipline_id, ref_number) do nothing;
insert into comments (id, discipline_id, ref_number, text, city_status) values ('d1cc24a0-611c-51ef-8686-1a866ac53535', 'f80d5d81-97cd-5d6b-b495-a885973d663b', 36, 'On-site visit may be conducted as part of the review process. (Info Only)', 'INFO_ONLY') on conflict (discipline_id, ref_number) do nothing;
insert into comments (id, discipline_id, ref_number, text, city_status) values ('460cc30e-9fc7-5e99-b097-6186d5694771', 'f80d5d81-97cd-5d6b-b495-a885973d663b', 37, 'Contact reviewer at acarvajal@miamigov.com regarding project status. (Info Only)', 'INFO_ONLY') on conflict (discipline_id, ref_number) do nothing;
insert into comments (id, discipline_id, ref_number, text, city_status) values ('f7280e0e-24ea-5d67-b797-9ef516ff0ab5', 'f80d5d81-97cd-5d6b-b495-a885973d663b', 38, 'Represent Tree Protection Zones (TPZ) for all trees to scale on Tree Disposition and Landscape plan, regardless of disposition.', 'UNRESOLVED') on conflict (discipline_id, ref_number) do nothing;
insert into comments (id, discipline_id, ref_number, text, city_status) values ('51c4f871-51aa-59e9-9f30-e14f72a6a51e', 'f80d5d81-97cd-5d6b-b495-a885973d663b', 39, 'Per Miami 21 Section 3.8.4.1: 10 ft × 10 ft sight triangle required at driveways meeting Base Building Line. Vertical clearance 2.5–10 ft above ground.', 'UNRESOLVED') on conflict (discipline_id, ref_number) do nothing;
insert into comments (id, discipline_id, ref_number, text, city_status) values ('cf51bbf7-5973-53f7-a4ba-ac18fc6e1194', 'f80d5d81-97cd-5d6b-b495-a885973d663b', 40, 'Clarify on all new trees to be planted or relocated (L3.pdf — Changemark).', 'UNRESOLVED') on conflict (discipline_id, ref_number) do nothing;
insert into comments (id, discipline_id, ref_number, text, city_status) values ('499ea332-dfd0-5e4a-9baa-1976c9b09b20', 'f80d5d81-97cd-5d6b-b495-a885973d663b', 41, 'Tree #9 on neighbor''s property — >30% of CRZ affected. Provide evidence of poor condition. Root exploration may be needed. Consider removal with neighbor''s authorization.', 'UNRESOLVED') on conflict (discipline_id, ref_number) do nothing;
insert into disciplines (id, property_id, code, name, reviewer_name, city_status, total_comments, open_comments, info_comments) values ('5bc778c6-44cd-5053-8826-e998d2e2fea9', '9edb4b8a-60b0-5294-9e24-22092ae845cb', 'FF', 'Flood Plain', 'Ana Maria Gonzalez', 'CORRECTIONS', 5, 5, 0) on conflict (property_id, code) do nothing;
insert into comments (id, discipline_id, ref_number, text, city_status) values ('8739546c-1fb8-55cc-8b97-10cf251523df', '5bc778c6-44cd-5053-8826-e998d2e2fea9', 63, 'Revise proposed FFE in NGVD on Civil drawings. Coordinate with A-2.0.', 'UNRESOLVED') on conflict (discipline_id, ref_number) do nothing;
insert into comments (id, discipline_id, ref_number, text, city_status) values ('ad075aa4-96f9-506b-aa0a-6b4261779742', '5bc778c6-44cd-5053-8826-e998d2e2fea9', 64, 'Revise proposed FFE in NGVD on sheet A-1.0. Coordinate with A-2.0.', 'UNRESOLVED') on conflict (discipline_id, ref_number) do nothing;
insert into comments (id, discipline_id, ref_number, text, city_status) values ('bbbd0ba5-5c9c-5295-b88b-881fde77f277', '5bc778c6-44cd-5053-8826-e998d2e2fea9', 65, 'Provide Drainage Calculation — 100-yr storm, 1/2 hr TOC, MDC PW manual. Retain rainwater within property lines. I=6.40" (City code Section 20.3).', 'UNRESOLVED') on conflict (discipline_id, ref_number) do nothing;
insert into comments (id, discipline_id, ref_number, text, city_status) values ('792af18f-8c04-5ec7-8816-21311abe3194', '5bc778c6-44cd-5053-8826-e998d2e2fea9', 66, 'Provide grading plan on C-2 showing how rainwater runoff is retained within property lines.', 'UNRESOLVED') on conflict (discipline_id, ref_number) do nothing;
insert into comments (id, discipline_id, ref_number, text, city_status) values ('ff99decd-bb71-518e-a654-ac44de1db53d', '5bc778c6-44cd-5053-8826-e998d2e2fea9', 67, 'Indicate point of connection between drainage from roof and drainage plan on C-2.', 'UNRESOLVED') on conflict (discipline_id, ref_number) do nothing;
insert into disciplines (id, property_id, code, name, reviewer_name, city_status, total_comments, open_comments, info_comments) values ('9a8200c4-16e6-5100-bbab-f9f21d49256c', '9edb4b8a-60b0-5294-9e24-22092ae845cb', 'S', 'Structural', 'Yanet Albelo', 'CORRECTIONS', 3, 3, 0) on conflict (property_id, code) do nothing;
insert into comments (id, discipline_id, ref_number, text, city_status) values ('343790d7-0f49-559c-919b-e637e17887f0', '9a8200c4-16e6-5100-bbab-f9f21d49256c', 12, 'Submit Special Inspectors Letter signed, sealed, dated by RA or PE for Reinforced Masonry, Soil Compaction, Steel Connections, 2nd Floor/Roof Beam & Slab Reinforcing. Add note: GC must call for inspection prior to each concrete pour.', 'UNRESOLVED') on conflict (discipline_id, ref_number) do nothing;
insert into comments (id, discipline_id, ref_number, text, city_status) values ('e3de8df9-a7d2-5a37-9ce3-47c3f508d72d', '9a8200c4-16e6-5100-bbab-f9f21d49256c', 13, 'Provide foundation section at masonry walls along property line at Grid Lines 8–9 and 10. WF-16 footing not clearly identified on S-1. Provide ramp section detail.', 'UNRESOLVED') on conflict (discipline_id, ref_number) do nothing;
insert into comments (id, discipline_id, ref_number, text, city_status) values ('bbf40356-fe3a-574b-a9cc-901fe599219a', '9a8200c4-16e6-5100-bbab-f9f21d49256c', 14, 'Consider corridor live loads in slab calculations. Provide values in design load info on S-0. Revise slab design as necessary.', 'UNRESOLVED') on conflict (discipline_id, ref_number) do nothing;
insert into disciplines (id, property_id, code, name, reviewer_name, city_status, total_comments, open_comments, info_comments) values ('8b969677-a946-586d-acfe-ef5d9c31cb66', '9edb4b8a-60b0-5294-9e24-22092ae845cb', 'MDC', 'Miami-Dade County', 'Gonzalo Briz', 'PENDING ACTION', 1, 1, 0) on conflict (property_id, code) do nothing;
insert into comments (id, discipline_id, ref_number, text, city_status) values ('4e1503ad-2e8e-5f6b-a8e4-31617538820b', '8b969677-a946-586d-acfe-ef5d9c31cb66', 2, 'M2026010252 — Pay upfront fees to proceed with plan review. You are responsible for tracking all MDC reviews. MDC approvals appear one cycle later in iBuild.', 'UNRESOLVED') on conflict (discipline_id, ref_number) do nothing;
insert into disciplines (id, property_id, code, name, reviewer_name, city_status, total_comments, open_comments, info_comments) values ('1537a94f-1131-5c3a-810a-2061964b4681', '9edb4b8a-60b0-5294-9e24-22092ae845cb', 'BBL', 'PW BBL', 'Mauricio Valdes', 'APPROVED', 0, 0, 0) on conflict (property_id, code) do nothing;
insert into disciplines (id, property_id, code, name, reviewer_name, city_status, total_comments, open_comments, info_comments) values ('bac8194a-9927-5c91-a5a6-8d5aaf407187', '9edb4b8a-60b0-5294-9e24-22092ae845cb', 'E', 'Electrical', 'Osmany Caballero', 'APPROVED', 0, 0, 0) on conflict (property_id, code) do nothing;
insert into disciplines (id, property_id, code, name, reviewer_name, city_status, total_comments, open_comments, info_comments) values ('f5460ba8-0ba3-50e9-b9f8-e70e24d080bb', '9edb4b8a-60b0-5294-9e24-22092ae845cb', 'MA', 'Mechanical', 'Juan Dalmau', 'APPROVED', 0, 0, 0) on conflict (property_id, code) do nothing;

insert into properties (id, portfolio, address, permit_number, permit_type, cycle, workflow_started, status_note) values ('dbe52111-7e8d-54d7-9fe5-1f617bed8f68', 'portland_saxum', '150 NE 77 St', 'BD25-015956-001', 'main', 2, '2025-11-13', 'Resubmittal: 02/16/2026') on conflict (id) do nothing;
insert into disciplines (id, property_id, code, name, reviewer_name, city_status, total_comments, open_comments, info_comments) values ('191b498a-499d-5785-ba26-6f76148a5490', 'dbe52111-7e8d-54d7-9fe5-1f617bed8f68', 'B', 'Building', 'M.M. Chalgub, AIA', 'CORRECTIONS', 24, 20, 3) on conflict (property_id, code) do nothing;
insert into comments (id, discipline_id, ref_number, text, city_status) values ('cbcf4de8-d317-5229-97b7-9152e1fa1c56', '191b498a-499d-5785-ba26-6f76148a5490', 78, '(FBC-A206.2.1) Delineate on plan all accessible routes from public sidewalks and from within the site, into and through the building.', 'UNRESOLVED') on conflict (discipline_id, ref_number) do nothing;
insert into comments (id, discipline_id, ref_number, text, city_status) values ('1440bec6-856f-58f5-9d06-2b0ac80de088', '191b498a-499d-5785-ba26-6f76148a5490', 80, '(FHAG Design Manual pg 3.5) Sliding/swinging doors to private terraces must be "usable" — 32" min clear width when fully opened.', 'UNRESOLVED') on conflict (discipline_id, ref_number) do nothing;
insert into comments (id, discipline_id, ref_number, text, city_status) values ('e0102e9f-c84c-5d9d-9d93-963214f2ed02', '191b498a-499d-5785-ba26-6f76148a5490', 81, '(FHAG Design Manual pg 4.3) Provide 36" wide (minimum) accessible route throughout each covered dwelling unit.', 'UNRESOLVED') on conflict (discipline_id, ref_number) do nothing;
insert into comments (id, discipline_id, ref_number, text, city_status) values ('fcfc9740-aecd-5cd5-9aa7-565cd315edcf', '191b498a-499d-5785-ba26-6f76148a5490', 82, 'CLEAR FLOOR SPACE (all kitchens): clear floor space shall be centered with Kitchen Sink, Refrigerator and Range (A-6.0.pdf).', 'UNRESOLVED') on conflict (discipline_id, ref_number) do nothing;
insert into comments (id, discipline_id, ref_number, text, city_status) values ('d4ec710d-6f5c-505e-930b-6be182ca5dfe', '191b498a-499d-5785-ba26-6f76148a5490', 83, 'MAILBOXES: provide elevation of mailboxes demonstrating compliance with FHAG.', 'UNRESOLVED') on conflict (discipline_id, ref_number) do nothing;
insert into comments (id, discipline_id, ref_number, text, city_status) values ('5a2528b5-b868-52bc-a08e-d22abdff78e9', '191b498a-499d-5785-ba26-6f76148a5490', 84, 'EXTERIOR EXIT STAIRWAYS — FBC-B 1027.5: min 10 ft fire separation distance from adjacent lot lines. Indicate on all floor levels (LS-1.1.pdf).', 'UNRESOLVED') on conflict (discipline_id, ref_number) do nothing;
insert into comments (id, discipline_id, ref_number, text, city_status) values ('08f0707f-1556-5c52-bc03-6bf23e2484f2', '191b498a-499d-5785-ba26-6f76148a5490', 85, 'FIRE RATING — Egress stairs are open. Please clarify (LS-1.1.pdf).', 'UNRESOLVED') on conflict (discipline_id, ref_number) do nothing;
insert into comments (id, discipline_id, ref_number, text, city_status) values ('bb145bd5-c335-5b22-ba7d-7c84c520faef', '191b498a-499d-5785-ba26-6f76148a5490', 86, 'RAMPS: Demonstrate compliance with Sections 1012.7, 1012.8 Handrails, 1012.9 Guards, 1012.10 Edge Protection. Provide details.', 'UNRESOLVED') on conflict (discipline_id, ref_number) do nothing;
insert into comments (id, discipline_id, ref_number, text, city_status) values ('768a8d4e-2422-52b2-83a2-3241c98c9e77', '191b498a-499d-5785-ba26-6f76148a5490', 87, '(FBC-B1012.3) Ramp cross slope shall not exceed 1:48 (2%).', 'UNRESOLVED') on conflict (discipline_id, ref_number) do nothing;
insert into comments (id, discipline_id, ref_number, text, city_status) values ('26b11ea1-8dcc-5ed5-aaba-99e37bc41d62', '191b498a-499d-5785-ba26-6f76148a5490', 88, '(FBC-B705.8.1) Address max allowable openings in exterior walls relative to setbacks. Provide tabulation per floor and per façade.', 'UNRESOLVED') on conflict (discipline_id, ref_number) do nothing;
insert into comments (id, discipline_id, ref_number, text, city_status) values ('9df41d1d-36e9-5d3f-b635-4298973fb782', '191b498a-499d-5785-ba26-6f76148a5490', 89, '(FBC-B504.1) Provide Building Code Analysis: max building height based on construction type, occupancy, and sprinkler system.', 'UNRESOLVED') on conflict (discipline_id, ref_number) do nothing;
insert into comments (id, discipline_id, ref_number, text, city_status) values ('1ef70d5a-40cc-51ad-97c2-abc88095c637', '191b498a-499d-5785-ba26-6f76148a5490', 90, '(FBC-B506.1) Provide Building Code Analysis: max building area based on construction type, occupancy, sprinkler, and frontage.', 'UNRESOLVED') on conflict (discipline_id, ref_number) do nothing;
insert into comments (id, discipline_id, ref_number, text, city_status) values ('d6905f94-8b78-545d-8777-0c2d01129e02', '191b498a-499d-5785-ba26-6f76148a5490', 91, '(FBC-B504.4) Max number of stories above grade shall not exceed Table 504.4 limits. Provide Building Code Analysis.', 'UNRESOLVED') on conflict (discipline_id, ref_number) do nothing;
insert into comments (id, discipline_id, ref_number, text, city_status) values ('68e4bb8c-842e-510e-9010-ffb1398b3204', '191b498a-499d-5785-ba26-6f76148a5490', 92, '(FBC-B602.1) Provide applicable requirements of Table 601 — Fire-Resistance Rating Requirements for Building Elements (hours). Required/Provided.', 'UNRESOLVED') on conflict (discipline_id, ref_number) do nothing;
insert into comments (id, discipline_id, ref_number, text, city_status) values ('89270101-a98a-5782-8143-6be0a9166252', '191b498a-499d-5785-ba26-6f76148a5490', 93, 'WATERPROOFING (FBC-B107.2.5): Provide details for impervious moisture barrier at balconies. Manufacturer''s installation instructions required. Provide NOA# on plans.', 'UNRESOLVED') on conflict (discipline_id, ref_number) do nothing;
insert into comments (id, discipline_id, ref_number, text, city_status) values ('b96c391f-af4c-51ba-8ed6-cc1cd1f3f934', '191b498a-499d-5785-ba26-6f76148a5490', 94, '(FBC-B1207.3) Floor assemblies designed to IIC 50 or better. Provide floor detail with acoustical insulation, STC rating, and testing agency report.', 'UNRESOLVED') on conflict (discipline_id, ref_number) do nothing;
insert into comments (id, discipline_id, ref_number, text, city_status) values ('25050aa3-0303-590d-83d9-58ffa92caecd', '191b498a-499d-5785-ba26-6f76148a5490', 95, 'SECTION 1030 EMERGENCY ESCAPE AND RESCUE: identify on Floor Plans and Window Schedule.', 'UNRESOLVED') on conflict (discipline_id, ref_number) do nothing;
insert into comments (id, discipline_id, ref_number, text, city_status) values ('03dc0031-b50c-5dc3-8437-db36c6e50e84', '191b498a-499d-5785-ba26-6f76148a5490', 96, 'TOTAL DEMOLITION PERMIT: Building Discipline Approval is subject to issuance of a SEPARATE TOTAL DEMOLITION PERMIT.', 'UNRESOLVED') on conflict (discipline_id, ref_number) do nothing;
insert into comments (id, discipline_id, ref_number, text, city_status) values ('fca05591-a4a6-5ba3-a205-cf9cf5e288b1', '191b498a-499d-5785-ba26-6f76148a5490', 97, 'RESPONSE TO COMMENTS: Provide detailed narrative signed & sealed by AOR. Projects without NARRATIVE will be automatically rejected.', 'UNRESOLVED') on conflict (discipline_id, ref_number) do nothing;
insert into comments (id, discipline_id, ref_number, text, city_status) values ('7d7f7305-0081-5328-9492-05fcd483e73e', '191b498a-499d-5785-ba26-6f76148a5490', 98, 'REVISIONS TO DRAWINGS: Cloud/Delta/# and date all changes. Identify revision Delta# in title block and drawings index.', 'UNRESOLVED') on conflict (discipline_id, ref_number) do nothing;
insert into comments (id, discipline_id, ref_number, text, city_status) values ('56bce473-552a-5fd9-aeb3-55ec57677330', '191b498a-499d-5785-ba26-6f76148a5490', 99, 'REWORKS: Further review required. Quality of responses determines outcome of next review. (Info Only)', 'INFO_ONLY') on conflict (discipline_id, ref_number) do nothing;
insert into comments (id, discipline_id, ref_number, text, city_status) values ('cdb92ab1-b2ea-523a-80ce-90d8cf51d242', '191b498a-499d-5785-ba26-6f76148a5490', 100, 'RESUBMITTAL INSTRUCTIONS: Replace existing plans with corrected plans using same original .pdf file names. (Info Only)', 'INFO_ONLY') on conflict (discipline_id, ref_number) do nothing;
insert into comments (id, discipline_id, ref_number, text, city_status) values ('dfd7ad9a-5f74-5317-87aa-49bab370658f', '191b498a-499d-5785-ba26-6f76148a5490', 101, 'REWORK FEE: $56.00 per discipline denied two or more times for the same reason (Code of CoM, Sec. 10-4). (Info Only)', 'INFO_ONLY') on conflict (discipline_id, ref_number) do nothing;
insert into disciplines (id, property_id, code, name, reviewer_name, city_status, total_comments, open_comments, info_comments) values ('3fbfe678-b081-5c23-ac59-e71efe521ccf', 'dbe52111-7e8d-54d7-9fe5-1f617bed8f68', 'Z', 'Zoning', 'Jonathan Thole', 'CORRECTIONS', 24, 10, 4) on conflict (property_id, code) do nothing;
insert into comments (id, discipline_id, ref_number, text, city_status) values ('1b85b0da-b714-5e1a-885c-4aa4cff70022', '3fbfe678-b081-5c23-ac59-e71efe521ccf', 28, 'Art. 3 Section 3.15.2: Submit recorded covenant running with the land acceptable to City of Miami. Still pending 02/25/2026.', 'UNRESOLVED') on conflict (discipline_id, ref_number) do nothing;
insert into comments (id, discipline_id, ref_number, text, city_status) values ('6f1c3c0b-c768-588b-882a-79a1bf9f1b1c', '3fbfe678-b081-5c23-ac59-e71efe521ccf', 30, 'On plans, state Section 3.15 benefits being requested. Provide code sections. Still pending 02/25/2026.', 'UNRESOLVED') on conflict (discipline_id, ref_number) do nothing;
insert into comments (id, discipline_id, ref_number, text, city_status) values ('d0e9ad3a-682a-507e-a6aa-1df72fc34ebd', '3fbfe678-b081-5c23-ac59-e71efe521ccf', 31, 'Property in Opportunity Zone — no parking required for floor area ≤10,000 sq ft. Update legend to reflect Transit Corridor provision. Still pending.', 'UNRESOLVED') on conflict (discipline_id, ref_number) do nothing;
insert into comments (id, discipline_id, ref_number, text, city_status) values ('0962900c-c188-5c51-b1f4-d425f1c30314', '3fbfe678-b081-5c23-ac59-e71efe521ccf', 33, 'Dimension all setbacks, encroachments, and overhangs on all levels. Provide cutlines of property lines on all floors. Still pending 02/25/2026.', 'UNRESOLVED') on conflict (discipline_id, ref_number) do nothing;
insert into comments (id, discipline_id, ref_number, text, city_status) values ('31e132f2-417a-5b91-99c8-9e6798dbdfd4', '3fbfe678-b081-5c23-ac59-e71efe521ccf', 36, 'Provide heights and materials of all proposed/existing fences and walls on site plan. Still pending 02/25/2026.', 'UNRESOLVED') on conflict (discipline_id, ref_number) do nothing;
insert into comments (id, discipline_id, ref_number, text, city_status) values ('8c0bce89-c6d4-5874-ba70-c3db93bab7a9', '3fbfe678-b081-5c23-ac59-e71efe521ccf', 42, 'Provide dimension on plans for First Layer compliance — paved flush with sidewalk for min 6.5 ft. Still pending 02/25/2026.', 'UNRESOLVED') on conflict (discipline_id, ref_number) do nothing;
insert into comments (id, discipline_id, ref_number, text, city_status) values ('abc802d7-4be0-59bd-bcb2-94beb782c2bd', '3fbfe678-b081-5c23-ac59-e71efe521ccf', 43, 'Landscape legend missing — Open Space/Lawn sections incomplete. Lot area must be Net not Gross. Still pending 02/25/2026.', 'UNRESOLVED') on conflict (discipline_id, ref_number) do nothing;
insert into comments (id, discipline_id, ref_number, text, city_status) values ('f3a3dd39-0281-5079-a6c4-058ca02f5b11', '3fbfe678-b081-5c23-ac59-e71efe521ccf', 44, 'Provide required street trees at back of curb. Still pending 02/25/2026.', 'UNRESOLVED') on conflict (discipline_id, ref_number) do nothing;
insert into comments (id, discipline_id, ref_number, text, city_status) values ('08aaff92-c439-5cad-a97a-fb6263227dcb', '3fbfe678-b081-5c23-ac59-e71efe521ccf', 46, 'Provide landscape preparer''s certification. Still pending 02/25/2026.', 'UNRESOLVED') on conflict (discipline_id, ref_number) do nothing;
insert into comments (id, discipline_id, ref_number, text, city_status) values ('30d338e7-a3c3-51c8-9677-c16bc1b71eba', '3fbfe678-b081-5c23-ac59-e71efe521ccf', 47, 'Enclosure of entry way to the East required as per meeting. Still pending 02/25/2026.', 'UNRESOLVED') on conflict (discipline_id, ref_number) do nothing;
insert into disciplines (id, property_id, code, name, reviewer_name, city_status, total_comments, open_comments, info_comments) values ('36fe7282-1fef-55fa-aaea-c64894a70bab', 'dbe52111-7e8d-54d7-9fe5-1f617bed8f68', 'F', 'Fire', 'Nadya Vazquez', 'CORRECTIONS', 12, 7, 0) on conflict (property_id, code) do nothing;
insert into comments (id, discipline_id, ref_number, text, city_status) values ('b43ce454-6bdb-5325-a09b-883ed5f39faf', '36fe7282-1fef-55fa-aaea-c64894a70bab', 54, 'Hydrant flow test report — new hydrant proposed. Test to be performed and submitted upon installation. Still pending per reviewer 03/04/2026.', 'UNRESOLVED') on conflict (discipline_id, ref_number) do nothing;
insert into comments (id, discipline_id, ref_number, text, city_status) values ('bbaaa0aa-c511-584e-b9d8-75abdec466f0', '36fe7282-1fef-55fa-aaea-c64894a70bab', 55, 'Identify proposed hydrants on Civil drawings. FDC shall be ≤100 ft from nearest hydrant (NFPA 14: 6.4.5.4). Still pending.', 'UNRESOLVED') on conflict (discipline_id, ref_number) do nothing;
insert into comments (id, discipline_id, ref_number, text, city_status) values ('4cec0336-5823-5a5c-b154-e725eebb3e3b', '36fe7282-1fef-55fa-aaea-c64894a70bab', 56, 'Min depth of cover for underground fire line: 30" general, 36" under driveways. Private fire line profile drawing removed — clarification still needed.', 'UNRESOLVED') on conflict (discipline_id, ref_number) do nothing;
insert into comments (id, discipline_id, ref_number, text, city_status) values ('c07e8e71-8ee7-5b13-b102-f5752c4943ca', '36fe7282-1fef-55fa-aaea-c64894a70bab', 57, 'Clarify compliance with FFPC NFPA 101 30.2.2.3.5 — outside stairs. Stairs modified with side walls removed. Reviewer confirmation still pending.', 'UNRESOLVED') on conflict (discipline_id, ref_number) do nothing;
insert into comments (id, discipline_id, ref_number, text, city_status) values ('d0422355-aa22-5e00-bd90-1f4fb039168e', '36fe7282-1fef-55fa-aaea-c64894a70bab', 63, 'Sprinkler protection in trash chute closet. Show 6" clearance from chute intake door to door frame. Reviewer requests clarification on location.', 'UNRESOLVED') on conflict (discipline_id, ref_number) do nothing;
insert into comments (id, discipline_id, ref_number, text, city_status) values ('b67e76d4-25b0-5faa-a62b-b37993e541be', '36fe7282-1fef-55fa-aaea-c64894a70bab', 64, 'Fire resistance rating tags for all protected doors required on all life safety sheets. Reviewer: define fire ratings on LS drawings — still pending.', 'UNRESOLVED') on conflict (discipline_id, ref_number) do nothing;
insert into comments (id, discipline_id, ref_number, text, city_status) values ('fc31efbe-3674-581b-98cf-af89257581e1', '36fe7282-1fef-55fa-aaea-c64894a70bab', 106, 'Egress Capacity: comply with NFPA 101 30.2.3.2 and 30.2.3.3. Street floor exits sized for street floor load plus stair discharge. Corridors >50 persons: min 44" width.', 'UNRESOLVED') on conflict (discipline_id, ref_number) do nothing;
insert into disciplines (id, property_id, code, name, reviewer_name, city_status, total_comments, open_comments, info_comments) values ('1021d256-7e00-5a3b-86f6-1c33b1e90f38', 'dbe52111-7e8d-54d7-9fe5-1f617bed8f68', 'DRP', 'Public Works', 'Iris Valdes', 'CORRECTIONS', 8, 5, 3) on conflict (property_id, code) do nothing;
insert into comments (id, discipline_id, ref_number, text, city_status) values ('6d8832cc-2474-547d-80fc-40827896928b', '1021d256-7e00-5a3b-86f6-1c33b1e90f38', 70, 'Architectural Site plan required with legal description, BBL distance to road center, lot dimensions, proposed ROW section. A1.0 must coordinate with civil final proposal. Still pending.', 'UNRESOLVED') on conflict (discipline_id, ref_number) do nothing;
insert into comments (id, discipline_id, ref_number, text, city_status) values ('74e2692e-b10a-53b5-982f-2f467f856e3f', '1021d256-7e00-5a3b-86f6-1c33b1e90f38', 71, 'BBL 5 ft within property along NE 77 St. Dedicate for public ROW (Code 54-58). Contact Sandra Saez — Ssaez@miamigov.com / 305-416-1262. Process: 14–16 weeks. Pending.', 'UNRESOLVED') on conflict (discipline_id, ref_number) do nothing;
insert into comments (id, discipline_id, ref_number, text, city_status) values ('a1a9499c-cbaf-566f-bc2e-5bbe8a13be4a', '1021d256-7e00-5a3b-86f6-1c33b1e90f38', 72, 'All runoff retained on site. Roadway cross section 50-F required. French drain updated but still pending per reviewer 03/10/2026.', 'UNRESOLVED') on conflict (discipline_id, ref_number) do nothing;
insert into comments (id, discipline_id, ref_number, text, city_status) values ('a5d09fb1-867e-53da-87cb-426d16502c40', '1021d256-7e00-5a3b-86f6-1c33b1e90f38', 73, 'DERM approval required prior to final PW approval for ROW drainage. Pending.', 'UNRESOLVED') on conflict (discipline_id, ref_number) do nothing;
insert into comments (id, discipline_id, ref_number, text, city_status) values ('fd7c8ed2-e9ae-550d-817a-05711a87042f', '1021d256-7e00-5a3b-86f6-1c33b1e90f38', 107, 'Percolation tests required for all new exfiltration trenches.', 'UNRESOLVED') on conflict (discipline_id, ref_number) do nothing;
insert into disciplines (id, property_id, code, name, reviewer_name, city_status, total_comments, open_comments, info_comments) values ('9b80e057-979c-52a7-a79e-ec6fe4f54bf4', 'dbe52111-7e8d-54d7-9fe5-1f617bed8f68', 'FF', 'Flood Plain', 'Ana Maria Gonzalez', 'CORRECTIONS', 7, 4, 0) on conflict (property_id, code) do nothing;
insert into comments (id, discipline_id, ref_number, text, city_status) values ('c9e16986-2c4f-5b8c-8ab6-2d142f7260d3', '9b80e057-979c-52a7-a79e-ec6fe4f54bf4', 13, 'Provide proposed grade elevation in NGVD within north property line at pavers area. Still pending per reviewer 02/27/2026.', 'UNRESOLVED') on conflict (discipline_id, ref_number) do nothing;
insert into comments (id, discipline_id, ref_number, text, city_status) values ('c67bf46e-7200-5490-874d-614b7114029d', '9b80e057-979c-52a7-a79e-ec6fe4f54bf4', 103, 'Revise cross sections and ground floor plan on C-2 to include proposed privacy wall within property lines (as shown on A-2.0). Also include on S-2.', 'UNRESOLVED') on conflict (discipline_id, ref_number) do nothing;
insert into comments (id, discipline_id, ref_number, text, city_status) values ('8d2c5711-09dd-562f-bbae-29d1b336254c', '9b80e057-979c-52a7-a79e-ec6fe4f54bf4', 104, 'Coordinate and provide point of connection between roof drainage (A-2.3, P-1) and proposed drainage plan on C-2.', 'UNRESOLVED') on conflict (discipline_id, ref_number) do nothing;
insert into comments (id, discipline_id, ref_number, text, city_status) values ('adc44081-a87a-518c-aff4-831a2d2b5ef3', '9b80e057-979c-52a7-a79e-ec6fe4f54bf4', 105, 'Verify if proposed foundation plan on east side conflicts with drainage plan.', 'UNRESOLVED') on conflict (discipline_id, ref_number) do nothing;
insert into disciplines (id, property_id, code, name, reviewer_name, city_status, total_comments, open_comments, info_comments) values ('3de8d1c9-efe9-5948-96c7-0190c3e8c642', 'dbe52111-7e8d-54d7-9fe5-1f617bed8f68', 'E', 'Electrical', 'Noel Ferro', 'CORRECTIONS', 9, 2, 0) on conflict (property_id, code) do nothing;
insert into comments (id, discipline_id, ref_number, text, city_status) values ('53212690-7946-538e-9196-cbec0c7ed336', '3de8d1c9-efe9-5948-96c7-0190c3e8c642', 21, 'Parking lot photometric — no parking lot on this project. Photometric provided for exterior building illumination. Pending zoning approval to finalize.', 'UNRESOLVED') on conflict (discipline_id, ref_number) do nothing;
insert into comments (id, discipline_id, ref_number, text, city_status) values ('ae206964-ded5-5095-b882-d1e5ea0e1322', '3de8d1c9-efe9-5948-96c7-0190c3e8c642', 22, 'Egress photometric plan (normal and emergency mode) missing for 2nd and 3rd floors. Still pending.', 'UNRESOLVED') on conflict (discipline_id, ref_number) do nothing;
insert into disciplines (id, property_id, code, name, reviewer_name, city_status, total_comments, open_comments, info_comments) values ('ff6c576d-804a-5bc6-b6de-ee65b6b08e84', 'dbe52111-7e8d-54d7-9fe5-1f617bed8f68', 'P', 'Plumbing', 'Luis Sosa', 'CORRECTIONS', 5, 2, 0) on conflict (property_id, code) do nothing;
insert into comments (id, discipline_id, ref_number, text, city_status) values ('25915db7-b41c-5eb6-96b3-72456100dfb2', 'ff6c576d-804a-5bc6-b6de-ee65b6b08e84', 76, 'Provide location of all irrigation items on symbol schedule: controller, rain sensor, POC, valves, sleeves (IR-01.pdf).', 'UNRESOLVED') on conflict (discipline_id, ref_number) do nothing;
insert into comments (id, discipline_id, ref_number, text, city_status) values ('444c16b5-4319-5250-ac58-9245ff04caf2', 'ff6c576d-804a-5bc6-b6de-ee65b6b08e84', 77, 'Provide submeter for each unit per Miami-Dade Code Ch. 8A Art. XVIII Sec. 8A-381. Provide make, model, detail, and location on plans.', 'UNRESOLVED') on conflict (discipline_id, ref_number) do nothing;
insert into disciplines (id, property_id, code, name, reviewer_name, city_status, total_comments, open_comments, info_comments) values ('8a7e0af8-aac0-5a01-b629-9f826cacfbd9', 'dbe52111-7e8d-54d7-9fe5-1f617bed8f68', 'S', 'Structural', 'Yudexi Rodriguez', 'CORRECTIONS', 4, 1, 0) on conflict (property_id, code) do nothing;
insert into comments (id, discipline_id, ref_number, text, city_status) values ('d5169b3e-48e1-55d9-b110-f68c012217b0', '8a7e0af8-aac0-5a01-b629-9f826cacfbd9', 50, 'Provide Geotechnical Report signed, sealed, dated by licensed Geotechnical PE. Still pending per reviewer 02/27/2026 — "Comment remains."', 'UNRESOLVED') on conflict (discipline_id, ref_number) do nothing;
insert into disciplines (id, property_id, code, name, reviewer_name, city_status, total_comments, open_comments, info_comments) values ('2c1f2f4b-533f-540d-b4ea-90a948f12b29', 'dbe52111-7e8d-54d7-9fe5-1f617bed8f68', 'MA', 'Mechanical', 'Alejandro Cosano', 'CORRECTIONS', 3, 1, 0) on conflict (property_id, code) do nothing;
insert into comments (id, discipline_id, ref_number, text, city_status) values ('7a5e0fb7-453a-5555-8049-fbe9da652009', '2c1f2f4b-533f-540d-b4ea-90a948f12b29', 6, 'All mechanical equipment/roof curb must meet wind pressures per FBC 301.15, 1620.1 & 1620.6. Provide NOA or State Product Approval or manufacturer''s literature listing wind resistance. Reviewer: comment not addressed — still pending.', 'UNRESOLVED') on conflict (discipline_id, ref_number) do nothing;
insert into disciplines (id, property_id, code, name, reviewer_name, city_status, total_comments, open_comments, info_comments) values ('330e44f8-ca51-5836-97b6-f8b3fab7ca80', 'dbe52111-7e8d-54d7-9fe5-1f617bed8f68', 'LI', 'Environmental', 'Ruben Colon', 'CORRECTIONS', 3, 1, 2) on conflict (property_id, code) do nothing;
insert into comments (id, discipline_id, ref_number, text, city_status) values ('2dd0d110-c884-562e-814b-1ff43229692b', '330e44f8-ca51-5836-97b6-f8b3fab7ca80', 67, 'Proposed building may conflict with tree protection zone and canopy of tree #3. Clarify steps to minimize adverse impacts. Reviewer (Cycle 2) requests meeting — contact rcolon@miamigov.com.', 'UNRESOLVED') on conflict (discipline_id, ref_number) do nothing;
insert into disciplines (id, property_id, code, name, reviewer_name, city_status, total_comments, open_comments, info_comments) values ('69fcf13b-f369-556f-a3ab-61a6d9040736', 'dbe52111-7e8d-54d7-9fe5-1f617bed8f68', 'MDC', 'Miami-Dade County', 'Gonzalo Briz', 'PENDING ACTION', 2, 1, 0) on conflict (property_id, code) do nothing;
insert into comments (id, discipline_id, ref_number, text, city_status) values ('d8b1a4a1-6c37-5eb7-a4cc-2a2d5cafb2ef', '69fcf13b-f369-556f-a3ab-61a6d9040736', 75, 'M2026004805 — New files submitted to MDC. Indicate which files need to be submitted to avoid delays. MDC approvals appear one cycle later in iBuild.', 'UNRESOLVED') on conflict (discipline_id, ref_number) do nothing;
insert into disciplines (id, property_id, code, name, reviewer_name, city_status, total_comments, open_comments, info_comments) values ('b88d2094-456f-5b4d-95d6-3c9bba1defbd', 'dbe52111-7e8d-54d7-9fe5-1f617bed8f68', 'BBL', 'PW BBL', '—', 'APPROVED', 0, 0, 0) on conflict (property_id, code) do nothing;

insert into properties (id, portfolio, address, permit_number, permit_type, cycle, workflow_started, status_note) values ('24c2a2ee-164a-582f-9037-4bb9eff6ff46', 'portland_saxum', '160 NE 77 St', 'BD26-000114-001', 'main', 1, '2026-02-02', 'No resubmittal yet — most behind') on conflict (id) do nothing;
insert into disciplines (id, property_id, code, name, reviewer_name, city_status, total_comments, open_comments, info_comments) values ('015b8405-85d6-554d-ad77-0132c8449bf0', '24c2a2ee-164a-582f-9037-4bb9eff6ff46', 'B', 'Building', 'Carmen Sueiro', 'CORRECTIONS', 20, 20, 0) on conflict (property_id, code) do nothing;
insert into comments (id, discipline_id, ref_number, text, city_status) values ('bb073969-9916-5f86-b59a-1d46000f262b', '015b8405-85d6-554d-ad77-0132c8449bf0', 22, 'GENERAL INSTRUCTIONS: Respond each comment with sheet number and exact location. Cloud all changes. Corrections on one page apply throughout the full set.', 'UNRESOLVED') on conflict (discipline_id, ref_number) do nothing;
insert into comments (id, discipline_id, ref_number, text, city_status) values ('5ecb8e14-71c4-5ff8-bf2d-4cd40b753253', '015b8405-85d6-554d-ad77-0132c8449bf0', 23, 'RESUBMITTAL INSTRUCTIONS: Replace existing plans with same original .pdf file names. All pages must be rescanned.', 'UNRESOLVED') on conflict (discipline_id, ref_number) do nothing;
insert into comments (id, discipline_id, ref_number, text, city_status) values ('0adf50a0-7f21-594b-860d-318472b8c593', '015b8405-85d6-554d-ad77-0132c8449bf0', 24, 'All Work Items must be included at building permit application. Contact AOsorio@miamigov.com or MHatten@miamigov.com. Questions: csueiro@miamigov.com.', 'UNRESOLVED') on conflict (discipline_id, ref_number) do nothing;
insert into comments (id, discipline_id, ref_number, text, city_status) values ('e77fb1bf-bebb-5ca4-ae8b-3c6cc1cbfdf9', '015b8405-85d6-554d-ad77-0132c8449bf0', 25, 'Provide Site Plan showing to scale new construction, distances from lot lines, crown of road elevation, finished grade, flood hazard areas (FBC B 107.2.6).', 'UNRESOLVED') on conflict (discipline_id, ref_number) do nothing;
insert into comments (id, discipline_id, ref_number, text, city_status) values ('63146237-5f26-531e-994a-02bf1be0d1ba', '015b8405-85d6-554d-ad77-0132c8449bf0', 26, 'Total Cost must be verified. Provide estimate/contract with Value of Work (FBC B 109.3). Upload to ProjectDox; email csueiro@miamigov.com.', 'UNRESOLVED') on conflict (discipline_id, ref_number) do nothing;
insert into comments (id, discipline_id, ref_number, text, city_status) values ('679e2ea9-2d84-510c-9bcc-7f7f58da970a', '015b8405-85d6-554d-ad77-0132c8449bf0', 27, 'Provide NOA for waterproofing material at proposed balconies (FBC Section 1516 & 110.3.6).', 'UNRESOLVED') on conflict (discipline_id, ref_number) do nothing;
insert into comments (id, discipline_id, ref_number, text, city_status) values ('8bceb1fd-5ea9-5306-bdf6-0fa096d6b700', '015b8405-85d6-554d-ad77-0132c8449bf0', 28, 'Provide Occupancy and Use of proposed building (FBC Building Section 302).', 'UNRESOLVED') on conflict (discipline_id, ref_number) do nothing;
insert into comments (id, discipline_id, ref_number, text, city_status) values ('8486d7ed-f6b6-59b7-b380-945d2ffd35de', '015b8405-85d6-554d-ad77-0132c8449bf0', 29, 'Indicate fire rating of proposed demising walls, specifying use and occupancy classification of adjacent spaces (FBC 2023 Table 508.4).', 'UNRESOLVED') on conflict (discipline_id, ref_number) do nothing;
insert into comments (id, discipline_id, ref_number, text, city_status) values ('5eba565a-05c2-5070-ac5d-335bb499abc4', '015b8405-85d6-554d-ad77-0132c8449bf0', 30, 'Note: roof top equipment 10''-0" from edge or protected by 42" min guardrails (FBC B Sections 1009.16.2 and 1013.3).', 'UNRESOLVED') on conflict (discipline_id, ref_number) do nothing;
insert into comments (id, discipline_id, ref_number, text, city_status) values ('83857874-a803-58e7-b240-94897779103d', '015b8405-85d6-554d-ad77-0132c8449bf0', 31, 'Note: door thresholds shall not exceed 1/2" height. Changes >1/4" beveled at max 50% slope (FBC 2023 B 1010.1.7).', 'UNRESOLVED') on conflict (discipline_id, ref_number) do nothing;
insert into comments (id, discipline_id, ref_number, text, city_status) values ('92b29f9a-afe3-5bcc-aa58-4915ad4feb74', '015b8405-85d6-554d-ad77-0132c8449bf0', 32, 'Note: specify location of visible exit signs indicating direction of egress travel (FBC 2023 B Section 1013).', 'UNRESOLVED') on conflict (discipline_id, ref_number) do nothing;
insert into comments (id, discipline_id, ref_number, text, city_status) values ('637d39d2-280f-5470-8671-18ad7165dfce', '015b8405-85d6-554d-ad77-0132c8449bf0', 33, 'Note: guards shall comply with Sections 1015.2–1015.7. Operable windows >72" above finish grade comply with Section 1015.8.', 'UNRESOLVED') on conflict (discipline_id, ref_number) do nothing;
insert into comments (id, discipline_id, ref_number, text, city_status) values ('25e5697e-d9fd-5678-9933-3f30d5e7bbc8', '015b8405-85d6-554d-ad77-0132c8449bf0', 34, 'Provide Laboratory Impact Sound Transmission Test Report for floor/ceiling assemblies — STC not less than 50 (FBC B Section 1207.2).', 'UNRESOLVED') on conflict (discipline_id, ref_number) do nothing;
insert into comments (id, discipline_id, ref_number, text, city_status) values ('457d1801-9f51-5276-852a-9435e8b1d0aa', '015b8405-85d6-554d-ad77-0132c8449bf0', 35, 'Note: smooth, hard, nonabsorbent material at toilet/bathroom floors extending 4 inches onto walls (FBC B 1210.2.1).', 'UNRESOLVED') on conflict (discipline_id, ref_number) do nothing;
insert into comments (id, discipline_id, ref_number, text, city_status) values ('9c67c614-b07a-5a14-8c06-6e4975ab53a1', '015b8405-85d6-554d-ad77-0132c8449bf0', 36, 'Note: prior to footing installation, provide statement of allowable bearing capacity from PE (FBC B 1818.2).', 'UNRESOLVED') on conflict (discipline_id, ref_number) do nothing;
insert into comments (id, discipline_id, ref_number, text, city_status) values ('feac84d9-a026-58aa-ad10-7b3b1583626d', '015b8405-85d6-554d-ad77-0132c8449bf0', 37, 'Provide termite protection note per Florida Dept. of Agriculture (FBC B Section 1816.1).', 'UNRESOLVED') on conflict (discipline_id, ref_number) do nothing;
insert into comments (id, discipline_id, ref_number, text, city_status) values ('563200e9-c0ea-5761-b76f-63138d465494', '015b8405-85d6-554d-ad77-0132c8449bf0', 38, 'Note: glazing >9 sq. ft. must be Category II Safety Glass (FBC 2406.2).', 'UNRESOLVED') on conflict (discipline_id, ref_number) do nothing;
insert into comments (id, discipline_id, ref_number, text, city_status) values ('2e2dbc74-3811-541d-b23e-8b59932b67ad', '015b8405-85d6-554d-ad77-0132c8449bf0', 39, 'Note: Ground Floor dwelling units comply with Fair Housing Act / Section 504 accessibility regulations.', 'UNRESOLVED') on conflict (discipline_id, ref_number) do nothing;
insert into comments (id, discipline_id, ref_number, text, city_status) values ('77614acc-c8a3-592a-8a32-9576a10f9c46', '015b8405-85d6-554d-ad77-0132c8449bf0', 40, 'Provide NOAs for proposed windows and doors.', 'UNRESOLVED') on conflict (discipline_id, ref_number) do nothing;
insert into comments (id, discipline_id, ref_number, text, city_status) values ('86fbb2a2-919e-54ec-b144-dfde37850f13', '015b8405-85d6-554d-ad77-0132c8449bf0', 41, 'Provide NOA for proposed roof material.', 'UNRESOLVED') on conflict (discipline_id, ref_number) do nothing;
insert into disciplines (id, property_id, code, name, reviewer_name, city_status, total_comments, open_comments, info_comments) values ('256e4fb0-9e78-5432-8056-5ab6ac8a5d35', '24c2a2ee-164a-582f-9037-4bb9eff6ff46', 'Z', 'Zoning', 'Yaremy Vega', 'CORRECTIONS', 11, 10, 1) on conflict (property_id, code) do nothing;
insert into comments (id, discipline_id, ref_number, text, city_status) values ('c304e202-8090-5459-ad38-45d8a1340a83', '256e4fb0-9e78-5432-8056-5ab6ac8a5d35', 7, 'BBL currently missing from survey. Setback requirements cannot be finalized until BBL is placed on survey by Public Works.', 'UNRESOLVED') on conflict (discipline_id, ref_number) do nothing;
insert into comments (id, discipline_id, ref_number, text, city_status) values ('aa7378fd-fc06-5d28-aa6b-9c3e43b251a7', '256e4fb0-9e78-5432-8056-5ab6ac8a5d35', 8, 'Clarify if applying for exception for 100% parking reduction or Opportunity Zone. Specify which one.', 'UNRESOLVED') on conflict (discipline_id, ref_number) do nothing;
insert into comments (id, discipline_id, ref_number, text, city_status) values ('8676a0b3-5337-5df5-b060-775723e85d6b', '256e4fb0-9e78-5432-8056-5ab6ac8a5d35', 9, 'Per preapp condition #2: clarify applicable section (3.15.6(a) or (b)) for Density bonus.', 'UNRESOLVED') on conflict (discipline_id, ref_number) do nothing;
insert into comments (id, discipline_id, ref_number, text, city_status) values ('27f1ba1f-ef4c-5114-b3d4-3ad34da39078', '256e4fb0-9e78-5432-8056-5ab6ac8a5d35', 10, 'Per preapp condition #3: provide Certification by Housing Dept. for Section 3.15.2 and 3.15.6 100% Density bonus.', 'UNRESOLVED') on conflict (discipline_id, ref_number) do nothing;
insert into comments (id, discipline_id, ref_number, text, city_status) values ('42c22e24-6cc8-5e1a-818e-a1406c88639d', '256e4fb0-9e78-5432-8056-5ab6ac8a5d35', 11, 'Per preapp condition #6: First Layer paved flush with adjacent sidewalk for min 6.5 ft. Refer to Illustration 8.4b.', 'UNRESOLVED') on conflict (discipline_id, ref_number) do nothing;
insert into comments (id, discipline_id, ref_number, text, city_status) values ('42f4af09-7857-548c-98ed-819b3769df2d', '256e4fb0-9e78-5432-8056-5ab6ac8a5d35', 12, 'Art. 5 Section 5.5.5.c: Roof materials must be light-colored, high albedo or planted surface. Add note on roof plan.', 'UNRESOLVED') on conflict (discipline_id, ref_number) do nothing;
insert into comments (id, discipline_id, ref_number, text, city_status) values ('72a91546-d30f-52e5-a1d1-38d201ca88cf', '256e4fb0-9e78-5432-8056-5ab6ac8a5d35', 13, 'Art. 3 Section 3.6.10(c)(7)(b): 5 ft wide aisle required behind all bike parking for maneuvering. Modify bike parking layout.', 'UNRESOLVED') on conflict (discipline_id, ref_number) do nothing;
insert into comments (id, discipline_id, ref_number, text, city_status) values ('a36b613f-23c4-52dd-97fb-879589dc206c', '256e4fb0-9e78-5432-8056-5ab6ac8a5d35', 14, 'Provide number of proposed street trees and ensure shown in landscape plans.', 'UNRESOLVED') on conflict (discipline_id, ref_number) do nothing;
insert into comments (id, discipline_id, ref_number, text, city_status) values ('3ebea9ae-2973-54d7-9d08-092037c53f46', '256e4fb0-9e78-5432-8056-5ab6ac8a5d35', 15, 'Provide required irrigation plan per Art. 9 Section 9.3.4.', 'UNRESOLVED') on conflict (discipline_id, ref_number) do nothing;
insert into comments (id, discipline_id, ref_number, text, city_status) values ('77bf276b-8af7-592f-9b1d-b2682feae089', '256e4fb0-9e78-5432-8056-5ab6ac8a5d35', 16, 'Provide landscape preparer''s certificate.', 'UNRESOLVED') on conflict (discipline_id, ref_number) do nothing;
insert into comments (id, discipline_id, ref_number, text, city_status) values ('acfebbf5-5b83-5259-8106-fe419fc397bb', '256e4fb0-9e78-5432-8056-5ab6ac8a5d35', 17, 'Additional comments may be provided upon resubmittal. Contact yvega@miamigov.com.', 'INFO_ONLY') on conflict (discipline_id, ref_number) do nothing;
insert into disciplines (id, property_id, code, name, reviewer_name, city_status, total_comments, open_comments, info_comments) values ('b2fe8478-c622-5cab-8822-d8db86107928', '24c2a2ee-164a-582f-9037-4bb9eff6ff46', 'DRP', 'Public Works', 'Iris Valdes', 'CORRECTIONS', 9, 9, 0) on conflict (property_id, code) do nothing;
insert into comments (id, discipline_id, ref_number, text, city_status) values ('ff7e824b-ae42-5437-bc6a-508882b8d64b', 'b2fe8478-c622-5cab-8822-d8db86107928', 58, 'Line and grade, pavement resurfacing subpermits required after permit issued.', 'UNRESOLVED') on conflict (discipline_id, ref_number) do nothing;
insert into comments (id, discipline_id, ref_number, text, city_status) values ('bab81f70-5372-5eb7-ac93-799de0591314', 'b2fe8478-c622-5cab-8822-d8db86107928', 59, 'ROW permit required through iPW. Only City-registered GC can pull.', 'UNRESOLVED') on conflict (discipline_id, ref_number) do nothing;
insert into comments (id, discipline_id, ref_number, text, city_status) values ('3a836258-28e1-5101-9596-522546f154de', 'b2fe8478-c622-5cab-8822-d8db86107928', 60, 'BBL 5 ft within property along NE 77 St. Dedicate for public ROW (Code 54-58). Contact Sandra Saez — Ssaez@miamigov.com / 305-416-1262. Process: 14–16 weeks.', 'UNRESOLVED') on conflict (discipline_id, ref_number) do nothing;
insert into comments (id, discipline_id, ref_number, text, city_status) values ('b13369c0-e4b1-551f-b477-295edf8ec1dd', 'b2fe8478-c622-5cab-8822-d8db86107928', 61, 'Street lighting per Bulletin 36 (City Code 54-56). Photometric calculations by PE required. Min 0.6 fc at any point. Use brand AEL.', 'UNRESOLVED') on conflict (discipline_id, ref_number) do nothing;
insert into comments (id, discipline_id, ref_number, text, city_status) values ('c902bff3-600d-59d2-90ac-dfa4be8007ee', 'b2fe8478-c622-5cab-8822-d8db86107928', 62, 'Roadway cross section 50-F: 6.5'' sidewalk, 2'' curb/gutter, 6.5'' parking, 10'' travel lane to centerline. Reconstruct all ROW to centerline.', 'UNRESOLVED') on conflict (discipline_id, ref_number) do nothing;
insert into comments (id, discipline_id, ref_number, text, city_status) values ('2f4219b5-b269-54b9-b2b3-367cb38073d5', 'b2fe8478-c622-5cab-8822-d8db86107928', 63, 'ROW stormwater required. Inlet per SD-05. USF 5129 frame. HDPE french drain (SD-09) 24 in, 50 ft min. Exfiltration trench per SD-10/SD-07.', 'UNRESOLVED') on conflict (discipline_id, ref_number) do nothing;
insert into comments (id, discipline_id, ref_number, text, city_status) values ('090228db-abe4-58f3-8c20-19e0ee657861', 'b2fe8478-c622-5cab-8822-d8db86107928', 64, 'DERM approval required prior to final PW approval for ROW drainage.', 'UNRESOLVED') on conflict (discipline_id, ref_number) do nothing;
insert into comments (id, discipline_id, ref_number, text, city_status) values ('a91200e3-767f-5a02-b5a8-4cac88bbd041', 'b2fe8478-c622-5cab-8822-d8db86107928', 65, 'Percolation tests required for all new exfiltration trenches.', 'UNRESOLVED') on conflict (discipline_id, ref_number) do nothing;
insert into comments (id, discipline_id, ref_number, text, city_status) values ('83505795-2870-51fd-8d78-59d84779cfac', 'b2fe8478-c622-5cab-8822-d8db86107928', 66, 'Other comments may apply.', 'UNRESOLVED') on conflict (discipline_id, ref_number) do nothing;
insert into disciplines (id, property_id, code, name, reviewer_name, city_status, total_comments, open_comments, info_comments) values ('870b67bb-fc5f-5541-bc6b-1fe223572d32', '24c2a2ee-164a-582f-9037-4bb9eff6ff46', 'F', 'Fire', 'Joseph Gentile', 'CORRECTIONS', 9, 8, 0) on conflict (property_id, code) do nothing;
insert into comments (id, discipline_id, ref_number, text, city_status) values ('daeedd1d-217e-5ef3-a538-75b7bba458d9', '870b67bb-fc5f-5541-bc6b-1fe223572d32', 48, 'Approved hydrant flow test report required. Dated no more than 12 months from submission. Contact Lt. Joselin Fernandez (jofernandez@miamigov.com).', 'UNRESOLVED') on conflict (discipline_id, ref_number) do nothing;
insert into comments (id, discipline_id, ref_number, text, city_status) values ('a565b419-b025-5ca1-a12b-c6ef1ae23dcd', '870b67bb-fc5f-5541-bc6b-1fe223572d32', 49, 'New handrails shall provide ≥2-1/4" clearance from wall per NFPA 101 7.2.2.4.5.5 (A-6.2.pdf).', 'UNRESOLVED') on conflict (discipline_id, ref_number) do nothing;
insert into comments (id, discipline_id, ref_number, text, city_status) values ('d3e4754e-48f5-580b-9ac5-8f8801beb464', '870b67bb-fc5f-5541-bc6b-1fe223572d32', 50, 'Correct fire line type on FP-1.pdf. Is this 4 inch?', 'UNRESOLVED') on conflict (discipline_id, ref_number) do nothing;
insert into comments (id, discipline_id, ref_number, text, city_status) values ('2cfa3a57-b706-5dd3-8658-3062f1cf1dbe', '870b67bb-fc5f-5541-bc6b-1fe223572d32', 51, 'FDC must be ≤100 ft from nearest hydrant (NFPA 14: 6.4.5.4, 2019 ed.). Provide fire protection site plan (FP-1.pdf).', 'UNRESOLVED') on conflict (discipline_id, ref_number) do nothing;
insert into comments (id, discipline_id, ref_number, text, city_status) values ('7d24a162-50fa-5b21-9365-3bb659819912', '870b67bb-fc5f-5541-bc6b-1fe223572d32', 52, 'Provide FDC distance to nearest fire hydrant on civil drawings (C-3.pdf).', 'UNRESOLVED') on conflict (discipline_id, ref_number) do nothing;
insert into comments (id, discipline_id, ref_number, text, city_status) values ('630c33ae-cd92-5976-91a8-3736ff9da9b5', '870b67bb-fc5f-5541-bc6b-1fe223572d32', 53, 'Show two separate exits to a public way. Exit discharge must be remotely separated. Show max diagonal and required 1/3 separation distance (LS-1.0.pdf).', 'UNRESOLVED') on conflict (discipline_id, ref_number) do nothing;
insert into comments (id, discipline_id, ref_number, text, city_status) values ('817a6fb2-d686-57af-9504-b3fab78e4bac', '870b67bb-fc5f-5541-bc6b-1fe223572d32', 54, 'For stairs: NFPA 101, 46P × 0.3 in/P = 13.8 in — verify correct (LS-1.0.pdf).', 'UNRESOLVED') on conflict (discipline_id, ref_number) do nothing;
insert into comments (id, discipline_id, ref_number, text, city_status) values ('5013243a-d522-54f6-8107-f0ef2bd9b98e', '870b67bb-fc5f-5541-bc6b-1fe223572d32', 56, 'What is the fire rating of this wall? 1 hour or 2 hours? (LS-1.1.pdf)', 'UNRESOLVED') on conflict (discipline_id, ref_number) do nothing;
insert into disciplines (id, property_id, code, name, reviewer_name, city_status, total_comments, open_comments, info_comments) values ('cfb03019-6d48-51c1-ab70-dded82fb7ff6', '24c2a2ee-164a-582f-9037-4bb9eff6ff46', 'LI', 'Environmental', 'Craig Henry', 'CORRECTIONS', 5, 3, 2) on conflict (property_id, code) do nothing;
insert into comments (id, discipline_id, ref_number, text, city_status) values ('5a7fd494-ef48-5fa4-8e99-143db80f2c06', 'cfb03019-6d48-51c1-ab70-dded82fb7ff6', 44, 'On-site visit may be conducted. Please contact reviewer to schedule — Craig Henry chenry@miamigov.com.', 'UNRESOLVED') on conflict (discipline_id, ref_number) do nothing;
insert into comments (id, discipline_id, ref_number, text, city_status) values ('027a87fa-62b1-5cd9-80c6-648bc7073799', 'cfb03019-6d48-51c1-ab70-dded82fb7ff6', 46, 'Mitigation trees must have 3 minimum components. Provide column in tree replacement chart for minimum spread of each tree.', 'UNRESOLVED') on conflict (discipline_id, ref_number) do nothing;
insert into comments (id, discipline_id, ref_number, text, city_status) values ('0b2bd86a-6fa8-55a0-a965-43aba7ccb5ca', 'cfb03019-6d48-51c1-ab70-dded82fb7ff6', 47, 'Trees #9, 11 & 12 may be impacted by proposed footers. Detail how footers within TPZ will be installed. Root exploration may still be needed.', 'UNRESOLVED') on conflict (discipline_id, ref_number) do nothing;
insert into disciplines (id, property_id, code, name, reviewer_name, city_status, total_comments, open_comments, info_comments) values ('956af663-b095-5e84-9c73-0490639bd275', '24c2a2ee-164a-582f-9037-4bb9eff6ff46', 'FF', 'Flood Plain', 'Ana Maria Gonzalez', 'CORRECTIONS', 4, 4, 0) on conflict (property_id, code) do nothing;
insert into comments (id, discipline_id, ref_number, text, city_status) values ('a58c5dbe-c03f-5246-a90d-1cee876ec577', '956af663-b095-5e84-9c73-0490639bd275', 18, 'Revise and coordinate proposed FFE in NGVD between drawings A-2.0, S-1, and C-2.', 'UNRESOLVED') on conflict (discipline_id, ref_number) do nothing;
insert into comments (id, discipline_id, ref_number, text, city_status) values ('61692118-8e5a-5311-b1be-e2f383e371b3', '956af663-b095-5e84-9c73-0490639bd275', 19, 'Revise proposed FFE in NGVD on sheet C-2.', 'UNRESOLVED') on conflict (discipline_id, ref_number) do nothing;
insert into comments (id, discipline_id, ref_number, text, city_status) values ('2ec4f655-0cc4-58a1-a104-b263d8c54417', '956af663-b095-5e84-9c73-0490639bd275', 20, 'Revise Drainage Calculation — 100-yr storm, 1/2 hr TOC, MDC PW manual. I=6.40" (City code Sec. 20.3).', 'UNRESOLVED') on conflict (discipline_id, ref_number) do nothing;
insert into comments (id, discipline_id, ref_number, text, city_status) values ('e926610b-af07-5411-b2ce-7791f6f1624f', '956af663-b095-5e84-9c73-0490639bd275', 21, 'Stormwater runoff shall not be directed toward ROW. Retain on site. Revise section on C-2.', 'UNRESOLVED') on conflict (discipline_id, ref_number) do nothing;
insert into disciplines (id, property_id, code, name, reviewer_name, city_status, total_comments, open_comments, info_comments) values ('c4f6ea2c-4b50-5086-be6d-791e7db8ae80', '24c2a2ee-164a-582f-9037-4bb9eff6ff46', 'S', 'Structural', 'Yudexi Rodriguez', 'CORRECTIONS', 2, 1, 1) on conflict (property_id, code) do nothing;
insert into comments (id, discipline_id, ref_number, text, city_status) values ('8df64f95-2a7f-5d7d-aafd-dc6b521903fb', 'c4f6ea2c-4b50-5086-be6d-791e7db8ae80', 5, 'Submit Special Inspector form (City of Miami) signed, sealed, dated by PE for reinforced masonry, soil compaction, steel connections, elevated slab and beams reinforcing steel.', 'UNRESOLVED') on conflict (discipline_id, ref_number) do nothing;
insert into disciplines (id, property_id, code, name, reviewer_name, city_status, total_comments, open_comments, info_comments) values ('d4ec8481-71e4-5360-a351-4621a5521841', '24c2a2ee-164a-582f-9037-4bb9eff6ff46', 'P', 'Plumbing', 'Luis Sosa', 'CORRECTIONS', 2, 2, 0) on conflict (property_id, code) do nothing;
insert into comments (id, discipline_id, ref_number, text, city_status) values ('aefc8684-8051-5608-b598-9a4c0105a4c7', 'd4ec8481-71e4-5360-a351-4621a5521841', 2, 'Provide index of drawings to include all sheets uploaded to drawings folder (FLBC 107.2.1).', 'UNRESOLVED') on conflict (discipline_id, ref_number) do nothing;
insert into comments (id, discipline_id, ref_number, text, city_status) values ('16fa8cd9-6dbe-55ba-82c2-2920282ca648', 'd4ec8481-71e4-5360-a351-4621a5521841', 3, 'Provide irrigation plan for review (FLBC 107.2.1).', 'UNRESOLVED') on conflict (discipline_id, ref_number) do nothing;
insert into disciplines (id, property_id, code, name, reviewer_name, city_status, total_comments, open_comments, info_comments) values ('707aa448-6f6e-5de7-971a-fea0d0c5ebc5', '24c2a2ee-164a-582f-9037-4bb9eff6ff46', 'MDC', 'Miami-Dade County', 'Gonzalo Briz', 'PENDING ACTION', 1, 1, 0) on conflict (property_id, code) do nothing;
insert into comments (id, discipline_id, ref_number, text, city_status) values ('5fa26278-74fd-5a71-bdc4-bcb32b0847b1', '707aa448-6f6e-5de7-971a-fea0d0c5ebc5', 4, 'M2026009943 — Pay upfront fees to proceed with plan review. You are responsible for tracking all MDC reviews. MDC approvals appear one cycle later in iBuild.', 'UNRESOLVED') on conflict (discipline_id, ref_number) do nothing;
insert into disciplines (id, property_id, code, name, reviewer_name, city_status, total_comments, open_comments, info_comments) values ('fcb0e2e2-b471-564c-831b-71d340cde825', '24c2a2ee-164a-582f-9037-4bb9eff6ff46', 'BBL', 'PW BBL', 'Mauricio Valdes', 'APPROVED', 0, 0, 0) on conflict (property_id, code) do nothing;
insert into disciplines (id, property_id, code, name, reviewer_name, city_status, total_comments, open_comments, info_comments) values ('91321cf2-05e0-52d6-9c65-42f96e8087cb', '24c2a2ee-164a-582f-9037-4bb9eff6ff46', 'E', 'Electrical', '—', 'PENDING REVIEW', 0, 0, 0) on conflict (property_id, code) do nothing;
insert into disciplines (id, property_id, code, name, reviewer_name, city_status, total_comments, open_comments, info_comments) values ('bde7600d-b1ed-5c5d-a0d5-7e05fe9047d0', '24c2a2ee-164a-582f-9037-4bb9eff6ff46', 'MA', 'Mechanical', '—', 'PENDING REVIEW', 0, 0, 0) on conflict (property_id, code) do nothing;

insert into properties (id, portfolio, address, permit_number, permit_type, cycle, workflow_started, status_note) values ('3a45a47b-1e47-55d0-bb42-035c4574bd72', 'portland_saxum', '167 NE 76 St', NULL, 'main', NULL, NULL, 'Not yet in iBuild') on conflict (id) do nothing;

insert into properties (id, portfolio, address, permit_number, permit_type, cycle, workflow_started, status_note) values ('60960082-1215-55f9-a455-2d434659ae68', 'casas', '3770 Oak Av', 'BD25019920001', 'main', 3, '2025-08-18', 'Waiver PZ-25-20026 pendiente · BBL Oak Av pendiente (Sandra Saez)') on conflict (id) do nothing;
insert into disciplines (id, property_id, code, name, reviewer_name, city_status, total_comments, open_comments, info_comments) values ('e52fd7a3-79cb-51b4-93ff-c00cb1af6c8d', '60960082-1215-55f9-a455-2d434659ae68', 'B', 'Building', 'Alejandro Pascual', 'APPROVED', 4, 0, 0) on conflict (property_id, code) do nothing;
insert into disciplines (id, property_id, code, name, reviewer_name, city_status, total_comments, open_comments, info_comments) values ('d8fc21da-6e4b-530d-9adb-9302049a141a', '60960082-1215-55f9-a455-2d434659ae68', 'Z', 'Zoning', 'Hassan Perez', 'CORRECTIONS', 4, 2, 1) on conflict (property_id, code) do nothing;
insert into comments (id, discipline_id, ref_number, text, city_status) values ('f69646d1-a3f4-5ef4-98a6-abc6c21c9f49', 'd8fc21da-6e4b-530d-9adb-9302049a141a', 19, 'Waiver PZ-25-20026 para setback — pendiente desde Oct 2025. Hassan Perez confirmó en Feb 2026 que sigue abierto. Building permit no se aprueba hasta final decision. Planos estructurales sin viga en revisión — entrega hoy según David.', 'UNRESOLVED') on conflict (discipline_id, ref_number) do nothing;
insert into comments (id, discipline_id, ref_number, text, city_status) values ('8e2a9558-d860-5e76-8227-b7e3587cf4e6', 'd8fc21da-6e4b-530d-9adb-9302049a141a', 26, 'Additional comments may be provided upon review of a detailed re-submittal. City reserves the right to issue further comments.', 'UNRESOLVED') on conflict (discipline_id, ref_number) do nothing;
insert into disciplines (id, property_id, code, name, reviewer_name, city_status, total_comments, open_comments, info_comments) values ('fd6263e9-800d-5729-9b86-04eaa78f73db', '60960082-1215-55f9-a455-2d434659ae68', 'E', 'Electrical', 'Noel Ferro', 'APPROVED', 3, 0, 0) on conflict (property_id, code) do nothing;
insert into disciplines (id, property_id, code, name, reviewer_name, city_status, total_comments, open_comments, info_comments) values ('c69a872d-96ba-5ccc-ad17-d4fe569ecf71', '60960082-1215-55f9-a455-2d434659ae68', 'MA', 'Mechanical', 'Juan Dalmau', 'APPROVED', 1, 0, 0) on conflict (property_id, code) do nothing;
insert into disciplines (id, property_id, code, name, reviewer_name, city_status, total_comments, open_comments, info_comments) values ('28e29c9e-a150-5f42-bbb4-25ee57841aaa', '60960082-1215-55f9-a455-2d434659ae68', 'P', 'Plumbing', 'Luis Sosa', 'APPROVED', 2, 0, 0) on conflict (property_id, code) do nothing;
insert into disciplines (id, property_id, code, name, reviewer_name, city_status, total_comments, open_comments, info_comments) values ('d52a1326-cbbc-5b7f-9c7f-8b81dbb250cb', '60960082-1215-55f9-a455-2d434659ae68', 'FF', 'Flood Plain', 'Ana M. Gonzalez', 'APPROVED', 3, 0, 1) on conflict (property_id, code) do nothing;
insert into disciplines (id, property_id, code, name, reviewer_name, city_status, total_comments, open_comments, info_comments) values ('844baf8a-4781-561a-ba7c-6be49be72d25', '60960082-1215-55f9-a455-2d434659ae68', 'S', 'Structural', 'Yanet Albelo', 'APPROVED', 1, 0, 0) on conflict (property_id, code) do nothing;
insert into disciplines (id, property_id, code, name, reviewer_name, city_status, total_comments, open_comments, info_comments) values ('77721df8-cb50-5ee0-8156-de21da141bc8', '60960082-1215-55f9-a455-2d434659ae68', 'MDC', 'Miami-Dade Co.', 'Angela Rolle', 'CORRECTIONS', 1, 1, 0) on conflict (property_id, code) do nothing;
insert into comments (id, discipline_id, ref_number, text, city_status) values ('959696c0-c791-5909-8c15-e91f6f3ee232', '77721df8-cb50-5ee0-8156-de21da141bc8', 58, 'M2025025727 — Cycle 3 files sent to Miami-Dade County. Pending MDC/DERM review.', 'UNRESOLVED') on conflict (discipline_id, ref_number) do nothing;
insert into disciplines (id, property_id, code, name, reviewer_name, city_status, total_comments, open_comments, info_comments) values ('5995b512-7a6f-50fa-a8aa-ce023d887ae0', '60960082-1215-55f9-a455-2d434659ae68', 'DRP', 'Public Works', 'Anaily Carbonell', 'CORRECTIONS', 2, 2, 0) on conflict (property_id, code) do nothing;
insert into comments (id, discipline_id, ref_number, text, city_status) values ('5edf759f-e717-5911-93ed-c037b398ea69', '5995b512-7a6f-50fa-a8aa-ce023d887ae0', 31, 'BBL Oak Av — 10ft dedication required. Contact Sandra Saez ssaez@miamigov.com / 305-416-1234. Process 14-16 weeks. Still applies as of Feb 2026.', 'UNRESOLVED') on conflict (discipline_id, ref_number) do nothing;
insert into comments (id, discipline_id, ref_number, text, city_status) values ('23542abb-394d-5543-b48f-b1b2072c3b67', '5995b512-7a6f-50fa-a8aa-ce023d887ae0', 47, 'Additional comments may apply on future submittals based on information provided at that time. Still applies.', 'UNRESOLVED') on conflict (discipline_id, ref_number) do nothing;
insert into disciplines (id, property_id, code, name, reviewer_name, city_status, total_comments, open_comments, info_comments) values ('a021db17-8641-5936-947a-e6fd60c8e4de', '60960082-1215-55f9-a455-2d434659ae68', 'LI', 'Env. Resources', 'Keila Lopez', 'CORRECTIONS', 5, 4, 0) on conflict (property_id, code) do nothing;
insert into comments (id, discipline_id, ref_number, text, city_status) values ('3a6eef40-69cd-5b2a-b027-b3490c546ed6', 'a021db17-8641-5936-947a-e6fd60c8e4de', 49, 'Root pruning tree #2 — si pertenece a propiedad adyacente, no puede ser removido sin carta de autorización del propietario vecino. Carta pendiente. Si propietario acepta, clarificar si quiere árboles de reemplazo en su lote.', 'UNRESOLVED') on conflict (discipline_id, ref_number) do nothing;
insert into comments (id, discipline_id, ref_number, text, city_status) values ('eb77f4db-cddd-5229-812c-6865cbee78b0', 'a021db17-8641-5936-947a-e6fd60c8e4de', 50, 'Tree protection bond pendiente — completar y entregar en persona a Environmental Resources, 444 SW 2nd Ave 4th floor. Submission pendiente.', 'UNRESOLVED') on conflict (discipline_id, ref_number) do nothing;
insert into comments (id, discipline_id, ref_number, text, city_status) values ('ac899b4e-1428-5ea1-bff0-60f23de4c4ed', 'a021db17-8641-5936-947a-e6fd60c8e4de', 56, 'Discrepancia en survey — posición de tronco contradice survey. Revisor: void Drawing V-01 si es incorrecto, dejar solo el tree boundary survey que representa correctamente las posiciones.', 'UNRESOLVED') on conflict (discipline_id, ref_number) do nothing;
insert into comments (id, discipline_id, ref_number, text, city_status) values ('aeecb1dc-d991-5e37-8104-b9b0f20937e4', 'a021db17-8641-5936-947a-e6fd60c8e4de', 59, 'Mitigation trees (Simpson Stoppers) — deben tener mínimo 12" DBH al momento de plantar e inspeccionar. Si se plantan de 10" y se inspeccionan, el tree permit no se finaliza.', 'UNRESOLVED') on conflict (discipline_id, ref_number) do nothing;
insert into disciplines (id, property_id, code, name, reviewer_name, city_status, total_comments, open_comments, info_comments) values ('afef4bf9-bcfe-588f-8cc8-22ac2dede1e3', '60960082-1215-55f9-a455-2d434659ae68', 'BBL', 'PW BBL', 'Anaily Carbonell', 'APPROVED', 1, 0, 1) on conflict (property_id, code) do nothing;
insert into disciplines (id, property_id, code, name, reviewer_name, city_status, total_comments, open_comments, info_comments) values ('a170c796-8a85-56e3-87c3-4e911aedba7c', '60960082-1215-55f9-a455-2d434659ae68', 'PC', 'Permitting Coord', 'Takiyah Belfort', 'APPROVED', 2, 0, 0) on conflict (property_id, code) do nothing;

insert into properties (id, portfolio, address, permit_number, permit_type, cycle, workflow_started, status_note) values ('46162b91-93b7-5f8a-aae4-8b2d37792684', 'casas', '3801 Oak Av', 'BD25024765001', 'main', 2, '2025-11-06', 'En revisión — entrega semana próxima') on conflict (id) do nothing;
insert into disciplines (id, property_id, code, name, reviewer_name, city_status, total_comments, open_comments, info_comments) values ('529bed10-d16c-5b25-b99f-ca555fab0ac9', '46162b91-93b7-5f8a-aae4-8b2d37792684', 'B', 'Building', 'Silvana Trigueros', 'CORRECTIONS', 5, 1, 1) on conflict (property_id, code) do nothing;
insert into comments (id, discipline_id, ref_number, text, city_status) values ('ec005da4-b41b-5b9e-a5d6-414d7678e151', '529bed10-d16c-5b25-b99f-ca555fab0ac9', 14, 'Add the wind load pressure to the elevations for the windows and exterior doors. Include the NOA or state approval number in the windows and doors schedule. Master permit shall have the structural wind load calculations. Window and door permit is a sub-permit — reviewer notes this still applies.', 'UNRESOLVED') on conflict (discipline_id, ref_number) do nothing;
insert into disciplines (id, property_id, code, name, reviewer_name, city_status, total_comments, open_comments, info_comments) values ('65b5806d-9c78-56f2-8ee3-b4d550455261', '46162b91-93b7-5f8a-aae4-8b2d37792684', 'Z', 'Zoning', 'Diana Agudelo', 'CORRECTIONS', 10, 4, 1) on conflict (property_id, code) do nothing;
insert into comments (id, discipline_id, ref_number, text, city_status) values ('d4d558b1-32f5-5d6c-9d13-9ce7e5308d5f', '65b5806d-9c78-56f2-8ee3-b4d550455261', 57, 'Revise required green space for 30%. Include square footage (sq ft) associated with each requirement in the Zoning Data table — reviewer confirmed provided but sq ft still missing.', 'UNRESOLVED') on conflict (discipline_id, ref_number) do nothing;
insert into comments (id, discipline_id, ref_number, text, city_status) values ('a7330181-ffd8-5f8d-8fc3-40b0e9a54b84', '65b5806d-9c78-56f2-8ee3-b4d550455261', 61, 'Driveway: 10ft max width within first 5ft of street-front setback. Reviewer asks to clarify reason for 10ft wide driveway in zigzag configuration where 5ft side green area setback is required.', 'UNRESOLVED') on conflict (discipline_id, ref_number) do nothing;
insert into comments (id, discipline_id, ref_number, text, city_status) values ('502dd95e-f246-5d7e-a4b7-7819a358a432', '65b5806d-9c78-56f2-8ee3-b4d550455261', 63, 'Interior lot second-story setback min 15ft required. Design proposed for approval through Waiver process — provide copy of signed waiver final decision and signed waiver and plans. Building permit grants after Waiver final decision uploaded by applicant.', 'UNRESOLVED') on conflict (discipline_id, ref_number) do nothing;
insert into comments (id, discipline_id, ref_number, text, city_status) values ('6d3ff22c-1853-5af2-8f63-ae468be39487', '65b5806d-9c78-56f2-8ee3-b4d550455261', 74, 'Property associated with two folio numbers — a covenant must be processed. Contact Alicia T. Menardy at ATMenardy@miamigov.com. Upload PZ number for this process as reference. Building permit will grant after Recorded Covenant is uploaded under Document folder.', 'UNRESOLVED') on conflict (discipline_id, ref_number) do nothing;
insert into disciplines (id, property_id, code, name, reviewer_name, city_status, total_comments, open_comments, info_comments) values ('0ef9e501-a2bc-51a1-af28-f473c14de2b8', '46162b91-93b7-5f8a-aae4-8b2d37792684', 'MA', 'Mechanical', 'Laura Ferrer', 'CORRECTIONS', 5, 4, 0) on conflict (property_id, code) do nothing;
insert into comments (id, discipline_id, ref_number, text, city_status) values ('3c8af239-cb57-5a59-8e2e-b23b0249182e', '0ef9e501-a2bc-51a1-af28-f473c14de2b8', 6, 'M-1.01: How is return air provided to AC closet? If through a louvered door, add note on plans. Sheet A-05 does not show AC closet doors as louvered — coordinate. FBC 107.2.1.', 'UNRESOLVED') on conflict (discipline_id, ref_number) do nothing;
insert into comments (id, discipline_id, ref_number, text, city_status) values ('ff52dc53-d3c3-509a-9836-7c2bdabe7622', '0ef9e501-a2bc-51a1-af28-f473c14de2b8', 8, 'M-00: Grilles labeled as LBG not shown on air distribution table legend. Both floor plans labeled as 1st floor plan. Please coordinate. FBC 107.2.1. Reviewer: still pending.', 'UNRESOLVED') on conflict (discipline_id, ref_number) do nothing;
insert into comments (id, discipline_id, ref_number, text, city_status) values ('0b613170-c65b-5de9-adbb-43e99e14ca3a', '0ef9e501-a2bc-51a1-af28-f473c14de2b8', 9, 'FBCM 301.15 — Per Miami-Dade BORA interpretation: provide MDC NOA document or manufacturer technical evaluation report for proposed equipment exposed to wind (package units, CUs, cooling tower, rooftop fans). Demonstrate compliance with wind load resistance requirements. Reviewer: still pending.', 'UNRESOLVED') on conflict (discipline_id, ref_number) do nothing;
insert into comments (id, discipline_id, ref_number, text, city_status) values ('a8bd8019-d900-5ca9-a3cf-3e2e71c260e6', '0ef9e501-a2bc-51a1-af28-f473c14de2b8', 10, 'Provide building envelope values (R, U, SHGC) on mechanical set matching values on architectural set and Energy Conservation form. FBC 107.2.1. Reviewer: still pending.', 'UNRESOLVED') on conflict (discipline_id, ref_number) do nothing;
insert into disciplines (id, property_id, code, name, reviewer_name, city_status, total_comments, open_comments, info_comments) values ('67893175-06db-5f61-94b8-ac19d5768b8b', '46162b91-93b7-5f8a-aae4-8b2d37792684', 'E', 'Electrical', 'Enrique Noa', 'CORRECTIONS', 7, 2, 0) on conflict (property_id, code) do nothing;
insert into comments (id, discipline_id, ref_number, text, city_status) values ('c5c18833-1ea4-5beb-8dc8-8288e4c2907f', '67893175-06db-5f61-94b8-ac19d5768b8b', 72, 'Sheet E-2.2: NFPA 72 recommends smoke detectors be installed at least 3 feet from any air supply diffuser or return vent. Compare physical location with sheet M1.01.', 'UNRESOLVED') on conflict (discipline_id, ref_number) do nothing;
insert into comments (id, discipline_id, ref_number, text, city_status) values ('5103641c-14c1-57c1-83ef-78b2cc392b62', '67893175-06db-5f61-94b8-ac19d5768b8b', 73, 'Sheet E-2.2: Specify exterior light fixtures as waterproof and add symbol to symbol legend.', 'UNRESOLVED') on conflict (discipline_id, ref_number) do nothing;
insert into disciplines (id, property_id, code, name, reviewer_name, city_status, total_comments, open_comments, info_comments) values ('dfbc2f72-7fa3-5902-9697-b39f65450ff6', '46162b91-93b7-5f8a-aae4-8b2d37792684', 'S', 'Structural', 'Yanet Albelo', 'APPROVED', 2, 0, 0) on conflict (property_id, code) do nothing;
insert into disciplines (id, property_id, code, name, reviewer_name, city_status, total_comments, open_comments, info_comments) values ('2b96b97d-02d0-5a8b-ac1e-7f75d18c5e2c', '46162b91-93b7-5f8a-aae4-8b2d37792684', 'LI', 'Env. Resources', 'Karen Facey', 'CORRECTIONS', 8, 5, 2) on conflict (property_id, code) do nothing;
insert into comments (id, discipline_id, ref_number, text, city_status) values ('dfbfb135-9442-5714-965e-b6d6a82d7b1a', '2b96b97d-02d0-5a8b-ac1e-7f75d18c5e2c', 25, 'Survey, arborist report and tree disposition plan do not match — provide consistent information. Reviewer 4/14/26: comment not met.', 'UNRESOLVED') on conflict (discipline_id, ref_number) do nothing;
insert into comments (id, discipline_id, ref_number, text, city_status) values ('d3f0b919-6eb0-5d0e-a4bc-06ead586c9c9', '2b96b97d-02d0-5a8b-ac1e-7f75d18c5e2c', 27, 'Applicant proposes to retain tree — however arborist report indicates 40% canopy requires pruning. City will not allow 40% canopy pruning. Either propose removal or update plan to show how tree and proposed structure will coincide. Reviewer 4/14/26: comment not met.', 'UNRESOLVED') on conflict (discipline_id, ref_number) do nothing;
insert into comments (id, discipline_id, ref_number, text, city_status) values ('319ae32a-01b7-5b79-95b9-b2cb9e45afae', '2b96b97d-02d0-5a8b-ac1e-7f75d18c5e2c', 29, 'Superimpose and label all proposed construction on landscape L sheets. Reviewer 4/14/26: partially met — unable to locate sewer, water, cable lines, swales, drain fields, septic tanks, fuel tanks. Superimpose and clearly label all utility lines on L sheets.', 'UNRESOLVED') on conflict (discipline_id, ref_number) do nothing;
insert into comments (id, discipline_id, ref_number, text, city_status) values ('c90927f2-873e-5427-90a0-6d1e04801b59', '2b96b97d-02d0-5a8b-ac1e-7f75d18c5e2c', 30, 'Arborist report indicates trees #3 and #6 should not be affected. Tree Disposition Plan shows potential conflicts. Provide clarification on how construction will be installed without impacting trees. Reviewer 4/14/26: comment not met.', 'UNRESOLVED') on conflict (discipline_id, ref_number) do nothing;
insert into comments (id, discipline_id, ref_number, text, city_status) values ('6d434d75-f908-5f86-a625-bdaf556b42d6', '2b96b97d-02d0-5a8b-ac1e-7f75d18c5e2c', 32, 'Tree Disposition Plan not drawn to scale per surveyor measurements (lot 50x110ft scale 1"=20"). Landscape plan appears to use scale 1/16" resulting in 75x166ft lot. Provide consistent information. Reviewer 4/14/26: comment not met.', 'UNRESOLVED') on conflict (discipline_id, ref_number) do nothing;
insert into disciplines (id, property_id, code, name, reviewer_name, city_status, total_comments, open_comments, info_comments) values ('6db3392b-74d4-552b-a2fd-116b8c663885', '46162b91-93b7-5f8a-aae4-8b2d37792684', 'DRP', 'Public Works', 'Yomarlyn LLanos', 'CORRECTIONS', 4, 3, 1) on conflict (property_id, code) do nothing;
insert into comments (id, discipline_id, ref_number, text, city_status) values ('32c5bc05-30dd-5722-8117-0a3919798206', '6db3392b-74d4-552b-a2fd-116b8c663885', 37, 'BBL Oak Av: City Municipal Atlas 47H indicates Base Building Line set 10ft within property. Dedication for public ROW required by Code 54-58. Contact Sandra Saez ssaez@miamigov.com / 305-416-1234. Process 14-16 weeks. Pending upload decision in iBuild (Survey Section).', 'UNRESOLVED') on conflict (discipline_id, ref_number) do nothing;
insert into comments (id, discipline_id, ref_number, text, city_status) values ('da5c93f7-b881-5a84-af4f-f15cc3aab315', '6db3392b-74d4-552b-a2fd-116b8c663885', 49, 'L2: No trees shall be planted within ROW. New sidewalk and parking area have not been depicted on plan L2 — reviewer 4/21/26.', 'UNRESOLVED') on conflict (discipline_id, ref_number) do nothing;
insert into comments (id, discipline_id, ref_number, text, city_status) values ('8b9f5b22-59df-5fa4-a9e4-c709bdc71bd2', '6db3392b-74d4-552b-a2fd-116b8c663885', 78, 'C-2: Elevations at back of sidewalk shall be no lower than crown of road. Update plan accordingly (back of sidewalk will be 1.25" higher than centerline of road).', 'UNRESOLVED') on conflict (discipline_id, ref_number) do nothing;
insert into disciplines (id, property_id, code, name, reviewer_name, city_status, total_comments, open_comments, info_comments) values ('49e3476a-7c4e-5e1b-a43d-b8e384e9b7f8', '46162b91-93b7-5f8a-aae4-8b2d37792684', 'MDC', 'Miami-Dade Co.', 'Angela Rolle', 'PENDING ACTION', 1, 1, 0) on conflict (property_id, code) do nothing;
insert into comments (id, discipline_id, ref_number, text, city_status) values ('ba1d9598-f4d9-5235-8673-a4346c66f9cd', '49e3476a-7c4e-5e1b-a43d-b8e384e9b7f8', 75, 'M2026006184 — New files sent to Miami-Dade County. Pending DERM review/approval.', 'UNRESOLVED') on conflict (discipline_id, ref_number) do nothing;
insert into disciplines (id, property_id, code, name, reviewer_name, city_status, total_comments, open_comments, info_comments) values ('cacc8624-715b-5777-a41d-2b3de3580e31', '46162b91-93b7-5f8a-aae4-8b2d37792684', 'FF', 'Flood Plain', 'Ana M. Gonzalez', 'APPROVED', 1, 0, 1) on conflict (property_id, code) do nothing;
insert into disciplines (id, property_id, code, name, reviewer_name, city_status, total_comments, open_comments, info_comments) values ('54259120-3a5c-5217-a34f-8431f92764e8', '46162b91-93b7-5f8a-aae4-8b2d37792684', 'BBL', 'PW BBL', '—', 'APPROVED', 1, 0, 0) on conflict (property_id, code) do nothing;
insert into disciplines (id, property_id, code, name, reviewer_name, city_status, total_comments, open_comments, info_comments) values ('8aa96cd6-081f-5525-84bc-d61091715f26', '46162b91-93b7-5f8a-aae4-8b2d37792684', 'P', 'Plumbing', '—', 'APPROVED', 0, 0, 0) on conflict (property_id, code) do nothing;
insert into disciplines (id, property_id, code, name, reviewer_name, city_status, total_comments, open_comments, info_comments) values ('aa522727-5f29-5bce-af2f-3a2092aca51e', '46162b91-93b7-5f8a-aae4-8b2d37792684', 'PC', 'Permitting Coord', 'G. Briz / K. Brown', 'APPROVED', 5, 0, 0) on conflict (property_id, code) do nothing;

insert into properties (id, portfolio, address, permit_number, permit_type, cycle, workflow_started, status_note) values ('28106c39-2556-5a3b-966c-3e48e642cc4b', 'casas', '3201 Day Av', 'BD25025864001', 'master', 2, '2025-10-29', 'En revisión por ciudad — Environmental') on conflict (id) do nothing;
insert into disciplines (id, property_id, code, name, reviewer_name, city_status, total_comments, open_comments, info_comments) values ('303c8d96-89c9-52bc-b8da-4783a628c8ea', '28106c39-2556-5a3b-966c-3e48e642cc4b', 'Z', 'Zoning', 'Travis Shiverdecker', 'APPROVED', 10, 0, 0) on conflict (property_id, code) do nothing;
insert into disciplines (id, property_id, code, name, reviewer_name, city_status, total_comments, open_comments, info_comments) values ('5e19fe2c-3743-50c2-a59e-fddaf0f9c962', '28106c39-2556-5a3b-966c-3e48e642cc4b', 'E', 'Electrical', 'Noel Ferro', 'APPROVED', 3, 0, 0) on conflict (property_id, code) do nothing;
insert into disciplines (id, property_id, code, name, reviewer_name, city_status, total_comments, open_comments, info_comments) values ('41eab8d8-5caf-5674-903d-3d94f2747f35', '28106c39-2556-5a3b-966c-3e48e642cc4b', 'FF', 'Flood Plain', 'Ana M. Gonzalez', 'APPROVED', 1, 0, 1) on conflict (property_id, code) do nothing;
insert into disciplines (id, property_id, code, name, reviewer_name, city_status, total_comments, open_comments, info_comments) values ('0eb28b1d-e3a3-5af2-bfb2-68bb8cc5d9fc', '28106c39-2556-5a3b-966c-3e48e642cc4b', 'MDC', 'Miami-Dade Co.', 'Rakeem McKinney', 'PENDING ACTION', 1, 1, 0) on conflict (property_id, code) do nothing;
insert into comments (id, discipline_id, ref_number, text, city_status) values ('705c376e-8089-5d32-873d-efcefac87301', '0eb28b1d-e3a3-5af2-bfb2-68bb8cc5d9fc', 47, 'M2026004257 — Pending DERM review/approval.', 'UNRESOLVED') on conflict (discipline_id, ref_number) do nothing;
insert into disciplines (id, property_id, code, name, reviewer_name, city_status, total_comments, open_comments, info_comments) values ('cfd4865f-3488-5fa3-8117-57a66ab82cd3', '28106c39-2556-5a3b-966c-3e48e642cc4b', 'DRP', 'Public Works', 'Yomarlyn LLanos', 'CORRECTIONS', 2, 1, 1) on conflict (property_id, code) do nothing;
insert into comments (id, discipline_id, ref_number, text, city_status) values ('c02442de-8395-51d3-9b8c-b9f01a075c02', 'cfd4865f-3488-5fa3-8117-57a66ab82cd3', 21, 'BBL McDonald St: City Municipal Atlas 46B indicates Base Building Line set 10ft within property. Dedication required by Code 54-58. Contact Sandra Saez ssaez@miamigov.com / 305-416-1234. Process 14-16 weeks. Must be fully executed before this review process can be approved. Status: in process as of 6/5/26.', 'UNRESOLVED') on conflict (discipline_id, ref_number) do nothing;
insert into disciplines (id, property_id, code, name, reviewer_name, city_status, total_comments, open_comments, info_comments) values ('e0d07da3-059f-5524-b358-ee367238c254', '28106c39-2556-5a3b-966c-3e48e642cc4b', 'LI', 'Env. Resources', 'Andres Franco', 'CORRECTIONS', 6, 6, 0) on conflict (property_id, code) do nothing;
insert into comments (id, discipline_id, ref_number, text, city_status) values ('d56ed05b-f873-5ec0-915d-fa0674d8f72e', 'e0d07da3-059f-5524-b358-ee367238c254', 41, 'Mitigation calculations will be addressed when all corrections to tree disposition plan have been made. Status: Tree Disposition Chart updated, mitigation calcs incorporated — reviewer cycle 2 still pending.', 'UNRESOLVED') on conflict (discipline_id, ref_number) do nothing;
insert into comments (id, discipline_id, ref_number, text, city_status) values ('b9906316-9062-52bf-bd95-38546ca2a9a5', 'e0d07da3-059f-5524-b358-ee367238c254', 47, 'M2026004257 — Pending DERM review/approval.', 'UNRESOLVED') on conflict (discipline_id, ref_number) do nothing;
insert into comments (id, discipline_id, ref_number, text, city_status) values ('deb8a6f7-132c-5e09-ae7a-f40e7f7a18a3', 'e0d07da3-059f-5524-b358-ee367238c254', 48, 'Tree species incorrectly identified as New Zealand laurel — species endemic to New Zealand. Please identify tree correctly and correct in Tree Disposition Chart and Arborist Report.', 'UNRESOLVED') on conflict (discipline_id, ref_number) do nothing;
insert into comments (id, discipline_id, ref_number, text, city_status) values ('26780a1d-812a-5aee-b680-18e1fe2ebb7b', 'e0d07da3-059f-5524-b358-ee367238c254', 49, 'Please provide a better photo of tree no. 21 — updated Arborist Report with improved photo provided, reviewer confirmation pending.', 'UNRESOLVED') on conflict (discipline_id, ref_number) do nothing;
insert into comments (id, discipline_id, ref_number, text, city_status) values ('c85bc9cd-3570-51ed-bcd7-f57f26bafd02', 'e0d07da3-059f-5524-b358-ee367238c254', 50, 'Tree #23 is a specimen tree under Chapter 17. Applicant must make every effort to preserve in place or relocate. Tree Relocation Report submitted evaluating feasibility per Chapter 17.', 'UNRESOLVED') on conflict (discipline_id, ref_number) do nothing;
insert into comments (id, discipline_id, ref_number, text, city_status) values ('520b63d1-578d-5c2d-a35f-4f4e0f6089f0', 'e0d07da3-059f-5524-b358-ee367238c254', 51, 'Tree #4 will be 3ft from proposed structure (was 15ft from existing). Will this require root or canopy pruning? Tree #4 proposed for removal per Tree Relocation Report.', 'UNRESOLVED') on conflict (discipline_id, ref_number) do nothing;
insert into disciplines (id, property_id, code, name, reviewer_name, city_status, total_comments, open_comments, info_comments) values ('3dfa026b-3aad-501e-9f3c-0e5ad27ad95e', '28106c39-2556-5a3b-966c-3e48e642cc4b', 'BBL', 'PW BBL', 'Yomarlyn LLanos', 'APPROVED', 1, 0, 1) on conflict (property_id, code) do nothing;
insert into disciplines (id, property_id, code, name, reviewer_name, city_status, total_comments, open_comments, info_comments) values ('c951c66f-d8a7-56b3-877e-575f915246bf', '28106c39-2556-5a3b-966c-3e48e642cc4b', 'PC', 'Permitting Coord', 'A. Carrillo / G. Briz', 'APPROVED', 2, 0, 0) on conflict (property_id, code) do nothing;

insert into properties (id, portfolio, address, permit_number, permit_type, cycle, workflow_started, status_note) values ('e03ba6f3-69ff-52e9-97ea-f922f932b66e', 'casas', '3201 Day Av — Demo', 'BD25025865001', 'demo', 2, '2025-10-29', 'Demo permit — tree bond pendiente') on conflict (id) do nothing;
insert into disciplines (id, property_id, code, name, reviewer_name, city_status, total_comments, open_comments, info_comments) values ('2c637906-9ffc-5e1c-8bc9-148372fde23a', 'e03ba6f3-69ff-52e9-97ea-f922f932b66e', 'LI', 'Env. Resources', 'Ruben Colon', 'CORRECTIONS', 2, 2, 0) on conflict (property_id, code) do nothing;
insert into comments (id, discipline_id, ref_number, text, city_status) values ('077427e6-db74-59f3-b2c0-09a88a867069', '2c637906-9ffc-5e1c-8bc9-148372fde23a', 10, 'Trees #4 and #5 are NOT specimen trees per current DBH — tree protection bond is NOT required for these. Remove bond amounts for items #4 and #5 from the tree disposition chart.', 'UNRESOLVED') on conflict (discipline_id, ref_number) do nothing;
insert into comments (id, discipline_id, ref_number, text, city_status) values ('6b9d738a-7767-51d8-9d4a-2b1e7559eb32', '2c637906-9ffc-5e1c-8bc9-148372fde23a', 11, 'Tree protection bond required for specimen trees being retained/relocated: #20 Pink Tabebuia 30"DBH → $20,000 · #23 Gumbo Limbo 23"DBH → $16,000. Total required: $36,000. Submit original bonding document IN PERSON to Environmental Resources Division, 444 SW 2nd Ave 4th floor. Template: miami.gov → Bonds and Letters of Credit.', 'UNRESOLVED') on conflict (discipline_id, ref_number) do nothing;
insert into disciplines (id, property_id, code, name, reviewer_name, city_status, total_comments, open_comments, info_comments) values ('bfcebb92-a4c1-58a7-ad62-1aba32a4f146', 'e03ba6f3-69ff-52e9-97ea-f922f932b66e', 'DRP', 'Public Works', 'Eduardo Tome', 'APPROVED', 1, 0, 1) on conflict (property_id, code) do nothing;
insert into disciplines (id, property_id, code, name, reviewer_name, city_status, total_comments, open_comments, info_comments) values ('b5c9ded8-e689-5841-94e4-cb9abc4a53b4', 'e03ba6f3-69ff-52e9-97ea-f922f932b66e', 'E', 'Electrical', 'Noel Ferro', 'APPROVED', 1, 0, 0) on conflict (property_id, code) do nothing;
insert into disciplines (id, property_id, code, name, reviewer_name, city_status, total_comments, open_comments, info_comments) values ('918e2e0d-e3bc-5718-9e12-ed8f97103337', 'e03ba6f3-69ff-52e9-97ea-f922f932b66e', 'Z', 'Zoning', 'Rosana Casas', 'APPROVED', 1, 0, 1) on conflict (property_id, code) do nothing;
insert into disciplines (id, property_id, code, name, reviewer_name, city_status, total_comments, open_comments, info_comments) values ('793d1bbb-788e-596b-8c65-af7585acb1dc', 'e03ba6f3-69ff-52e9-97ea-f922f932b66e', 'B', 'Building', 'Richard Mora', 'APPROVED', 1, 0, 1) on conflict (property_id, code) do nothing;

commit;